"Pregunta","Respuesta 1","Respuesta 2","Respuesta 3","Respuesta 4","Numero respuesta correcta","Explicación"
"¿Cuál es la regla general para la adjudicación de los contratos de las Administraciones Públicas?","Se realizará ordinariamente mediante una pluralidad de criterios basados en la mejor relación calidad-precio y mediante procedimiento abierto o restringido","Se realizará siempre mediante procedimiento abierto y con un único criterio basado en el precio","Se realizará ordinariamente mediante procedimiento negociado y con un único criterio de adjudicación","Se realizará mediante procedimiento restringido siempre que exista más de un criterio de adjudicación","1","El artículo 131.2 establece como regla general la utilización de una pluralidad de criterios basados en la mejor relación calidad-precio y de los procedimientos abierto o restringido. El negociado, diálogo competitivo y asociación para la innovación solo proceden en los supuestos legalmente establecidos."
"¿Qué procedimiento puede utilizarse en los supuestos previstos en el artículo 168?","El procedimiento negociado sin publicidad","El procedimiento restringido","El procedimiento abierto simplificado","El procedimiento de asociación para la innovación","1","El artículo 131.2 permite acudir al procedimiento negociado sin publicidad en los supuestos específicos del artículo 168."
"¿Qué procedimientos pueden utilizarse en los casos previstos en el artículo 167?","El diálogo competitivo o la licitación con negociación","El procedimiento negociado sin publicidad o el abierto simplificado","El procedimiento restringido o el contrato menor","Únicamente el procedimiento abierto","1","El artículo 131.2 remite al artículo 167 para los supuestos en que puede recurrirse al diálogo competitivo o a la licitación con negociación."
"¿Cómo pueden adjudicarse los contratos menores?","Directamente a cualquier empresario con capacidad de obrar y habilitación profesional necesaria, cumpliendo las normas del artículo 118","Mediante procedimiento abierto simplificado en todo caso","Mediante procedimiento restringido entre tres empresarios","Mediante procedimiento negociado con publicidad","1","El artículo 131.3 permite adjudicar directamente los contratos menores a cualquier empresario que tenga capacidad de obrar y la habilitación profesional necesaria, con cumplimiento del artículo 118."
"¿Qué especialidad existe para los contratos de asistencia sanitaria urgente con valor estimado inferior a 30.000 euros?","No se aplican las disposiciones de la LCSP relativas a la preparación y adjudicación del contrato, bastando justificar la urgencia, determinar el objeto, fijar el precio y designar la empresa","Deben adjudicarse siempre mediante procedimiento abierto simplificado","Deben adjudicarse mediante procedimiento negociado sin publicidad","Solo pueden celebrarse mediante contrato menor","1","El artículo 131.4 establece esta excepción específica para la asistencia sanitaria urgente con valor estimado inferior a 30.000 euros."
"¿Qué principios deben respetar los órganos de contratación al tratar a los licitadores y candidatos?","Igualdad, no discriminación, transparencia y proporcionalidad","Publicidad, secreto, jerarquía y descentralización","Mérito, capacidad, igualdad y antigüedad","Especialidad, subsidiariedad, eficacia y jerarquía","1","El artículo 132.1 exige tratamiento igualitario y no discriminatorio y actuación conforme a los principios de transparencia y proporcionalidad."
"¿Puede limitarse la participación en una contratación pública por razón de la forma jurídica o del ánimo de lucro?","No, salvo en los contratos reservados a las entidades previstas en la disposición adicional cuarta","Sí, siempre que el órgano de contratación lo justifique","Sí, cuando se trate de contratos de servicios","Sí, cuando la Administración considere preferible contratar con entidades sin ánimo de lucro","1","El artículo 132.1 prohíbe limitar la participación por la forma jurídica o el ánimo de lucro, salvo en los contratos reservados a entidades de la disposición adicional cuarta."
"¿Qué conducta está expresamente prohibida al diseñar una contratación pública?","Concebirla para eludir los requisitos de publicidad o restringir artificialmente la competencia","Utilizar varios criterios de adjudicación","Dividir un contrato en lotes cuando proceda legalmente","Establecer condiciones especiales de ejecución","1","El artículo 132.2 prohíbe diseñar la contratación con la intención de eludir requisitos de publicidad o procedimiento, o de restringir artificialmente la competencia."
"¿Puede el órgano de contratación favorecer o perjudicar indebidamente a determinados empresarios?","No, la contratación debe garantizar una competencia efectiva y evitar cualquier favorecimiento o perjuicio indebido","Sí, cuando exista una relación previa con la Administración","Sí, cuando la empresa haya contratado anteriormente con la Administración","Sí, si la medida permite acelerar la adjudicación","1","El artículo 132.2 prohíbe favorecer o perjudicar indebidamente a determinados empresarios."
"¿Qué principio debe respetarse respecto de la confidencialidad de determinada información de los licitadores?","El órgano de contratación no puede divulgar la información facilitada por los empresarios que estos hayan designado como confidencial, en los términos establecidos legalmente","Toda la documentación de los licitadores debe permanecer secreta hasta cinco años después del contrato","La confidencialidad depende exclusivamente de la decisión de la mesa","Solo puede protegerse la información económica","1","El artículo 133 regula la confidencialidad y protege la información que los empresarios hayan designado como confidencial, dentro de los límites legales."
"¿Puede un licitador declarar confidencial toda la documentación presentada?","No, la declaración de confidencialidad no puede extenderse a toda la oferta ni a toda la documentación sin justificación","Sí, siempre que lo indique expresamente en el sobre electrónico","Sí, cuando el contrato sea de servicios","Sí, pero únicamente en procedimientos restringidos","1","El artículo 133 impide convertir la confidencialidad en una declaración general que abarque indiscriminadamente toda la oferta; debe referirse a información que merezca esa protección."
"¿Qué ocurre con la información relativa a los secretos técnicos o comerciales de los licitadores?","Puede quedar protegida cuando tenga carácter confidencial conforme a la Ley","Debe publicarse siempre junto con la oferta económica","Solo puede protegerse en contratos sujetos a regulación armonizada","Debe destruirse al finalizar la licitación","1","El régimen del artículo 133 permite proteger la información que pueda perjudicar intereses comerciales legítimos, incluidos secretos técnicos o comerciales, siempre dentro de los límites legales."
"¿Qué finalidad tiene la regulación sobre comunicaciones en los procedimientos de contratación?","Favorecer la utilización de medios de comunicación y herramientas electrónicas en la contratación pública conforme a la Ley","Permitir exclusivamente las comunicaciones en papel","Garantizar que las ofertas se presenten siempre presencialmente","Evitar que los licitadores puedan comunicarse con la Administración","1","La LCSP establece como regla la utilización de medios electrónicos en las comunicaciones y presentación de ofertas, con las excepciones legalmente previstas."
"¿Qué deben garantizar los medios electrónicos utilizados en la contratación pública?","La integridad de los datos, la seguridad y las condiciones de igualdad entre los participantes","La identificación previa de todos los licitadores mediante certificado bancario","La imposibilidad de modificar cualquier documento administrativo","El acceso de todos los licitadores a las ofertas de los demás antes de su apertura","1","La utilización de medios electrónicos debe preservar la integridad y seguridad de las comunicaciones y garantizar condiciones adecuadas de concurrencia."
"¿Qué es el procedimiento abierto?","Aquel en el que cualquier empresario interesado puede presentar una proposición, sin que pueda negociarse con los licitadores los términos del contrato","Aquel en el que solo pueden presentar oferta los empresarios previamente seleccionados","Aquel en el que el órgano de contratación negocia individualmente las ofertas","Aquel en el que solo participan los empresarios invitados por la mesa de contratación","1","El artículo 156 configura el procedimiento abierto permitiendo que cualquier empresario interesado presente proposición y prohíbe negociar los términos del contrato con los licitadores."
"¿Puede negociarse con los licitadores en un procedimiento abierto?","No","Sí, cuando exista una diferencia inferior al 10 por ciento entre las ofertas","Sí, cuando lo autorice la mesa de contratación","Sí, únicamente en contratos de servicios","1","El artículo 156 establece expresamente que en el procedimiento abierto está prohibida toda negociación de los términos del contrato con los licitadores."
"En el procedimiento abierto, ¿quién puede presentar una proposición?","Cualquier empresario interesado que cumpla los requisitos exigidos","Únicamente los empresarios previamente invitados","Solo los empresarios seleccionados por la mesa","Solo los empresarios que hayan participado en una consulta preliminar","1","La característica esencial del procedimiento abierto es que cualquier empresario interesado puede presentar proposición, sin fase previa de selección de candidatos."
"¿Qué ocurre con la documentación acreditativa de los requisitos de capacidad y solvencia en el procedimiento abierto?","Debe presentarse conforme al artículo 140 junto con la documentación exigida por el procedimiento","Solo debe aportarla el adjudicatario después de la formalización","Debe presentarse únicamente cuando la mesa lo solicite después de valorar las ofertas","No es necesario acreditar solvencia en el procedimiento abierto","1","El procedimiento abierto exige que los licitadores acrediten los requisitos de capacidad y solvencia en los términos previstos en el artículo 140."
"En un procedimiento abierto sujeto a regulación armonizada, ¿cuál es el plazo general mínimo de presentación de proposiciones en contratos de obras, suministros y servicios?","Treinta y cinco días desde el envío del anuncio de licitación a la Oficina de Publicaciones de la Unión Europea","Quince días desde la publicación del anuncio en el perfil de contratante","Treinta días desde la publicación en el BOE","Cuarenta días desde la aprobación del expediente","1","El artículo 156 establece un plazo mínimo general de 35 días desde el envío del anuncio de licitación a la Oficina de Publicaciones de la Unión Europea para estos contratos."
"¿Puede reducirse el plazo general de 35 días del procedimiento abierto cuando las ofertas se presenten por medios electrónicos?","Sí, en cinco días","Sí, en diez días","Sí, en quince días","No, nunca puede reducirse","1","El artículo 156 permite reducir en cinco días el plazo general cuando el órgano de contratación acepte la presentación de ofertas por medios electrónicos."
"¿Qué plazo mínimo puede establecerse en un procedimiento abierto sujeto a regulación armonizada cuando se haya publicado previamente un anuncio de información previa cumpliendo los requisitos legales?","Quince días, en los términos establecidos por la Ley","Diez días en todos los casos","Veinte días sin necesidad de requisitos adicionales","Cinco días cuando se trate de suministros","1","El artículo 156 permite reducir el plazo cuando se haya publicado previamente un anuncio de información previa que cumpla las condiciones establecidas legalmente."
"¿Qué ocurre con el plazo de presentación de proposiciones en un procedimiento abierto cuando se declara la urgencia del expediente?","Puede reducirse en los términos previstos en el artículo 119, respetando las especialidades aplicables a los contratos sujetos a regulación armonizada","Siempre queda reducido a cinco días","Se mantiene necesariamente en 35 días","Se elimina la necesidad de plazo mínimo","1","La tramitación urgente permite reducir los plazos conforme al artículo 119, pero existen especialidades y límites para los contratos sujetos a regulación armonizada."
"¿Qué debe hacer el órgano de contratación si la documentación o información adicional solicitada a su debido tiempo no se facilita a los licitadores?","Debe ampliar el plazo para presentar ofertas en los términos previstos legalmente cuando resulte necesario para que todos puedan disponer de la información","Debe excluir automáticamente a quienes solicitaron la información","Debe adjudicar el contrato sin más trámites","Debe cancelar siempre la licitación","1","La LCSP contempla la ampliación del plazo cuando la información adicional solicitada a tiempo no se facilite en las condiciones legalmente previstas."
"¿Puede el órgano de contratación reducir los plazos del procedimiento abierto por mera conveniencia administrativa?","No, las reducciones solo pueden aplicarse cuando concurran las circunstancias previstas legalmente","Sí, siempre que el contrato sea inferior a 100.000 euros","Sí, mediante decisión de la mesa de contratación","Sí, cuando existan al menos tres ofertas potenciales","1","Los plazos de presentación de proposiciones están legalmente determinados y sus reducciones solo pueden aplicarse en los supuestos expresamente previstos."
"¿Qué característica tiene la apertura de las proposiciones en el procedimiento abierto?","Se realiza después de que finalice el plazo de presentación de ofertas y conforme a las reglas de la Ley","Puede realizarse antes de que termine el plazo si todas las ofertas ya han sido recibidas","La mesa puede abrirlas progresivamente durante el plazo de presentación","El contratista puede conocer las ofertas antes de la apertura oficial","1","La apertura de proposiciones debe garantizar que ninguna oferta sea conocida antes de que finalice el plazo correspondiente."
"¿Qué debe comprobar la mesa de contratación antes de valorar las proposiciones cuando interviene en el procedimiento abierto?","La documentación acreditativa del cumplimiento de los requisitos previos y la ausencia de causas de prohibición de contratar en los términos del artículo 140","Únicamente el precio ofertado","Solo la experiencia profesional del licitador","La solvencia únicamente después de adjudicar","1","La mesa debe examinar la documentación relativa a los requisitos previos y posteriormente valorar las proposiciones conforme a los criterios establecidos."
"¿Qué criterio general debe presidir la adjudicación de los contratos?","La mejor relación calidad-precio","El precio más bajo en todos los casos","La antigüedad de la empresa","La proximidad geográfica del contratista","1","El artículo 145 establece como regla general la utilización de una pluralidad de criterios basados en la mejor relación calidad-precio."
"¿Puede utilizarse únicamente el precio como criterio de adjudicación?","Sí, cuando proceda conforme a la naturaleza del contrato y se cumplan las condiciones legales","No, porque siempre son obligatorios varios criterios","Sí, pero únicamente en contratos SARA","Solo en contratos de concesión de servicios","1","La LCSP permite que el precio sea el único criterio en determinados contratos, aunque la regla general sea la pluralidad de criterios basada en la mejor relación calidad-precio."
"¿Qué debe garantizar la utilización de criterios de adjudicación?","Que permitan obtener obras, suministros y servicios de gran calidad y que respondan lo mejor posible a las necesidades del órgano de contratación","Que siempre resulte adjudicataria la oferta económicamente más barata","Que todos los criterios sean exclusivamente económicos","Que el procedimiento favorezca a las empresas de mayor tamaño","1","El artículo 145 vincula los criterios de adjudicación con la obtención de prestaciones de calidad y la mejor satisfacción de las necesidades públicas."
"¿Qué relación deben guardar los criterios de adjudicación con el objeto del contrato?","Deben estar vinculados al objeto del contrato","Deben referirse exclusivamente a las características generales de la empresa","Pueden referirse a cualquier actividad del licitador aunque no tenga relación con el contrato","Deben referirse únicamente a la experiencia anterior","1","El artículo 145 exige que los criterios de adjudicación estén vinculados al objeto del contrato."
"¿Puede utilizarse como criterio de adjudicación la organización, cualificación y experiencia del personal encargado de ejecutar el contrato?","Sí, cuando la calidad del personal pueda afectar de manera significativa a la mejor ejecución del contrato","No, nunca puede valorarse el personal","Sí, siempre que la empresa tenga más de 50 trabajadores","Solo en contratos de suministro","1","El artículo 145 permite valorar la organización, cualificación y experiencia del personal cuando la calidad del personal pueda afectar significativamente a la mejor ejecución del contrato."
"¿Qué diferencia fundamental existe entre criterios de solvencia y criterios de adjudicación?","La solvencia se refiere a la capacidad del empresario para ejecutar el contrato, mientras que los criterios de adjudicación permiten valorar la mejor oferta","Ambos conceptos son equivalentes","La solvencia solo se aplica al precio y la adjudicación a la capacidad jurídica","Los criterios de adjudicación determinan quién puede licitar y la solvencia quién gana","1","La solvencia sirve para acreditar que el empresario puede ejecutar el contrato; los criterios de adjudicación permiten comparar las ofertas admisibles y determinar la mejor conforme a las reglas establecidas."
"¿Qué debe contener el anuncio de licitación respecto de los criterios de adjudicación?","Los criterios de adjudicación y su ponderación o, cuando no sea posible, su orden decreciente de importancia","Solo el criterio de precio","Únicamente la puntuación máxima total","Los criterios pueden mantenerse secretos hasta la adjudicación","1","Los criterios deben ser conocidos por los licitadores desde la licitación y aplicarse conforme a la ponderación o reglas establecidas en los pliegos y anuncio."
"¿Qué debe hacer el órgano de contratación cuando una oferta parece anormalmente baja?","Debe seguir el procedimiento previsto legalmente para que el licitador justifique los extremos que correspondan antes de decidir sobre su aceptación o rechazo","Debe rechazarla automáticamente","Debe adjudicarla directamente por ser la oferta más económica","Debe negociar el precio con el licitador","1","El artículo 149 establece un procedimiento específico para identificar y justificar ofertas anormalmente bajas. No pueden rechazarse automáticamente por el mero hecho de parecer bajas."
"¿Qué puede justificar una oferta anormalmente baja?","Entre otros elementos, valores relativos a ahorros obtenidos, soluciones técnicas adoptadas, condiciones excepcionalmente favorables o respeto de obligaciones aplicables","Únicamente que el licitador tenga una elevada facturación","Solo que la empresa tenga más de diez años de experiencia","La existencia de una garantía definitiva superior a la exigida","1","El artículo 149 contempla distintos elementos que pueden justificar el nivel de precios o costes propuesto, incluidos aspectos técnicos, condiciones favorables y cumplimiento de obligaciones sociales, laborales y ambientales."
"¿Qué ocurre si una oferta anormalmente baja se debe a un incumplimiento de obligaciones aplicables en materia medioambiental, social o laboral?","Debe rechazarse en los términos establecidos por la Ley","Debe aceptarse si es la oferta económicamente más ventajosa","Debe negociarse con el licitador","Debe concederse automáticamente una puntuación adicional","1","El régimen del artículo 149 impide aceptar ofertas anormalmente bajas cuando el nivel de precios o costes deriva del incumplimiento de las obligaciones aplicables."
"¿Qué plazo general tiene el órgano de contratación para adjudicar un contrato cuando el único criterio sea el precio?","Quince días desde el siguiente a la apertura de las proposiciones","Diez días desde la publicación del anuncio","Treinta días desde la formalización","Dos meses desde la aprobación del expediente","1","El artículo 158 establece un plazo de 15 días para adjudicar cuando el único criterio sea el precio."
"¿Qué plazo tiene el órgano de contratación cuando para adjudicar se utilizan varios criterios o un único criterio sujeto a juicio de valor?","Dos meses desde la apertura de las proposiciones, salvo que se haya establecido otro en el pliego","Quince días en todos los casos","Treinta días desde la publicación del anuncio","Tres meses desde la aprobación del expediente","1","El artículo 158 establece, con carácter general, dos meses desde la apertura de las proposiciones cuando se utilizan varios criterios o un único criterio sujeto a juicio de valor."
"¿Qué ocurre si el procedimiento de adjudicación excede del plazo establecido para efectuar la adjudicación?","Los licitadores tienen derecho a retirar su proposición","El contrato queda automáticamente adjudicado al primer licitador","La mesa debe ampliar automáticamente el plazo","El órgano de contratación debe reiniciar necesariamente todo el expediente","1","El artículo 158 establece que, transcurridos los plazos sin adjudicación, los licitadores tienen derecho a retirar su proposición."
"¿Qué característica define al procedimiento abierto simplificado?","Está destinado a determinados contratos que cumplen los límites y requisitos establecidos legalmente y permite una tramitación más ágil manteniendo la concurrencia","Solo pueden participar tres empresas previamente seleccionadas","Permite negociar las ofertas","Se utiliza exclusivamente para contratos menores","1","El artículo 159 regula el procedimiento abierto simplificado como una modalidad de procedimiento abierto con requisitos y tramitación simplificada para determinados contratos."
"¿Qué límite de valor estimado se establece con carácter general para utilizar el procedimiento abierto simplificado?","2.000.000 de euros en obras y los límites establecidos legalmente para suministros y servicios, con las especialidades del artículo 159","5.404.000 euros para todos los contratos","40.000 euros para obras y 15.000 euros para servicios","10.000.000 de euros para obras y 1.000.000 para servicios","1","El artículo 159 establece los límites de valor estimado que permiten utilizar el procedimiento abierto simplificado, diferenciando entre obras y contratos de suministros y servicios."
"En el procedimiento abierto simplificado, ¿qué porcentaje máximo pueden representar los criterios evaluables mediante juicio de valor con carácter general?","El 25 por ciento del total, salvo cuando se trate de prestaciones de carácter intelectual, en cuyo caso puede alcanzar el 45 por ciento","El 50 por ciento en todos los contratos","El 10 por ciento en todos los contratos","El 75 por ciento salvo en obras","1","El artículo 159 limita con carácter general la ponderación de los criterios evaluables mediante juicio de valor al 25 por ciento, elevándola al 45 por ciento en prestaciones de carácter intelectual."
"¿Qué plazo mínimo debe concederse para presentar proposiciones en el procedimiento abierto simplificado?","Quince días desde el día siguiente a la publicación del anuncio en el perfil de contratante","Cinco días desde la invitación","Treinta y cinco días desde el envío al DOUE en todos los casos","Diez días desde la aprobación del expediente","1","El artículo 159 establece un plazo mínimo de 15 días para presentar proposiciones, contado desde el día siguiente a la publicación del anuncio en el perfil de contratante. En contratos de obras, el plazo es de 20 días."
"¿Cuál es el plazo mínimo de presentación de proposiciones en el procedimiento abierto simplificado cuando se trata de contratos de obras?","Veinte días","Quince días","Diez días","Treinta y cinco días","1","El artículo 159 establece un plazo mínimo de 20 días para los contratos de obras."
"¿Cómo deben presentarse las proposiciones en el procedimiento abierto simplificado?","Únicamente en el registro indicado en el anuncio de licitación y de forma electrónica cuando resulte exigible conforme a la Ley","Siempre presencialmente en el registro de la Universidad","Mediante correo certificado salvo autorización del órgano de contratación","En cualquier medio elegido libremente por el licitador","1","El procedimiento abierto simplificado está diseñado para tramitarse de forma electrónica conforme a las reglas del artículo 159."
"¿Qué característica tiene la acreditación de la solvencia en el procedimiento abierto simplificado?","Los licitadores deben estar inscritos en el Registro Oficial de Licitadores y Empresas Clasificadas del Sector Público o registro equivalente en los términos previstos legalmente","Nunca deben acreditar solvencia","Solo deben presentar una declaración verbal","La solvencia se acredita únicamente después de la adjudicación","1","El artículo 159 establece requisitos específicos de inscripción registral para participar en el procedimiento abierto simplificado, con el régimen transitorio y excepciones previstas legalmente."
"¿Cómo se presenta la documentación en el procedimiento abierto simplificado?","En un único sobre o archivo electrónico cuando todos los criterios sean cuantificables mediante fórmulas, y en los demás casos conforme a la estructura prevista legalmente","Siempre en cuatro sobres físicos","Siempre en un único sobre aunque existan criterios sujetos a juicio de valor","Únicamente mediante documentación presentada por el adjudicatario","1","El artículo 159 regula la presentación de las proposiciones mediante archivos electrónicos y distingue los supuestos según existan o no criterios sujetos a juicio de valor."
"¿Qué ocurre con la apertura de las proposiciones en el procedimiento abierto simplificado?","Se realiza electrónicamente y no se celebra acto público de apertura cuando así lo establece la regulación específica","Siempre debe celebrarse un acto público presencial","La mesa puede abrirlas antes de finalizar el plazo","Las ofertas económicas deben abrirse en presencia de todos los licitadores","1","El artículo 159 establece una tramitación electrónica de las proposiciones y mecanismos que garantizan que no sean conocidas antes de finalizar el plazo de presentación."
"¿Se exige garantía provisional en el procedimiento abierto simplificado?","No","Sí, siempre del 3 por ciento del presupuesto base de licitación","Sí, del 5 por ciento del valor estimado","Solo cuando el contrato sea de obras","1","El procedimiento abierto simplificado no exige garantía provisional."
"¿Se exige garantía definitiva en el procedimiento abierto simplificado?","Sí, con carácter general, conforme a las reglas de la LCSP","No, nunca se exige","Solo si el contrato supera 100.000 euros","Únicamente cuando existan criterios sujetos a juicio de valor","1","A diferencia del procedimiento abierto simplificado abreviado, el procedimiento abierto simplificado ordinario mantiene con carácter general la exigencia de garantía definitiva."
"¿Qué caracteriza al procedimiento simplificado abreviado del artículo 159.6?","Permite una tramitación aún más simplificada para contratos de determinados importes y características, con las especialidades previstas legalmente","Es un procedimiento negociado sin publicidad","Solo puede utilizarse en contratos SARA","Requiere necesariamente una fase de selección de candidatos","1","El artículo 159.6 establece una modalidad aún más simplificada del procedimiento abierto para determinados contratos de obras, suministros y servicios."
"En el procedimiento abierto simplificado abreviado, ¿se exige acreditar la solvencia económica y financiera y técnica o profesional?","No","Sí, siempre antes de presentar la oferta","Sí, pero únicamente la solvencia económica","Sí, únicamente en contratos de servicios","1","El artículo 159.6.b exime a los licitadores de acreditar la solvencia económica y financiera y técnica o profesional."
"¿Cuántos sobres o archivos electrónicos se utilizan en el procedimiento abierto simplificado abreviado?","Uno","Dos","Tres","Cuatro","1","El artículo 159.6.c establece que la oferta se entrega en un único sobre o archivo electrónico."
"¿Cómo deben evaluarse las ofertas en el procedimiento abierto simplificado abreviado?","Con criterios de adjudicación cuantificables mediante la mera aplicación de fórmulas establecidas en los pliegos","Mediante criterios exclusivamente sujetos a juicio de valor","Mediante negociación individual con cada licitador","Mediante un jurado independiente","1","El artículo 159.6.c exige que las ofertas se evalúen, en todo caso, mediante criterios cuantificables por la mera aplicación de fórmulas."
"¿Se requiere garantía definitiva en el procedimiento abierto simplificado abreviado?","No","Sí, siempre del 5 por ciento","Sí, del 3 por ciento","Solo en contratos de servicios","1","El artículo 159.6.f establece expresamente que no se requerirá la constitución de garantía definitiva."
"¿Cómo puede formalizarse el contrato en el procedimiento abierto simplificado abreviado?","Mediante la firma de aceptación por el contratista de la resolución de adjudicación","Únicamente mediante escritura pública","Solo mediante firma electrónica del pliego por el Consejo de Gobierno","Mediante contrato verbal cuando sea inferior a 15.000 euros","1","El artículo 159.6.g permite formalizar el contrato mediante la firma de aceptación por el contratista de la resolución de adjudicación."
"En el procedimiento abierto simplificado abreviado, ¿qué ocurre con las ofertas y documentación de valoración desde la notificación de la adjudicación?","Son accesibles de forma abierta por medios informáticos sin restricción alguna","Permanecen reservadas durante cinco años","Solo pueden consultarlas los licitadores participantes","Se destruyen una vez adjudicado el contrato","1","El artículo 159.6.e establece que las ofertas presentadas y la documentación relativa a su valoración serán accesibles de forma abierta por medios informáticos desde la notificación de la adjudicación."
"¿Cuál es la característica esencial del procedimiento restringido?","Cualquier empresa interesada puede solicitar participar, pero solo pueden presentar proposiciones los empresarios seleccionados por el órgano de contratación atendiendo a su solvencia","Solo pueden participar los empresarios previamente invitados por el órgano de contratación","Cualquier empresario puede presentar directamente una proposición, sin fase previa de selección","Solo pueden participar los empresarios que hayan participado en una consulta preliminar del mercado","1","El artículo 160.1 y 160.2 distingue claramente dos fases: cualquier empresa puede presentar una solicitud de participación, pero únicamente los empresarios seleccionados en atención a su solvencia pueden presentar posteriormente proposición. :contentReference[oaicite:2]{index=2}"
"¿Puede cualquier empresa interesada presentar directamente una proposición en un procedimiento restringido?","No, primero debe presentar una solicitud de participación y ser seleccionada por el órgano de contratación","Sí, siempre que cumpla los requisitos de solvencia","Sí, pero únicamente durante los primeros quince días","Sí, salvo que el contrato sea sujeto a regulación armonizada","1","En el procedimiento restringido existe una fase previa de selección. Las empresas presentan solicitudes de participación, y solo las seleccionadas pueden presentar proposiciones. :contentReference[oaicite:3]{index=3}"
"¿En atención a qué circunstancia son seleccionados los empresarios que pasan a la fase de presentación de proposiciones?","A su solvencia, conforme a los criterios objetivos establecidos previamente","Al precio que hayan ofrecido en la solicitud de participación","A la antigüedad de la empresa","A la puntuación obtenida en una negociación previa","1","El artículo 160.2 establece expresamente que la selección se realiza en atención a la solvencia de los empresarios. :contentReference[oaicite:4]{index=4}"
"¿Puede negociarse el contenido del contrato con los solicitantes o candidatos en un procedimiento restringido?","No, está prohibida toda negociación de los términos del contrato","Sí, pero únicamente con los candidatos finalmente seleccionados","Sí, cuando existan menos de cinco candidatos","Sí, exclusivamente respecto del precio","1","El artículo 160.3 prohíbe toda negociación de los términos del contrato con los solicitantes o candidatos. Esta es una diferencia esencial respecto de los procedimientos con negociación. :contentReference[oaicite:5]{index=5}"
"¿Para qué tipo de prestaciones considera la LCSP especialmente adecuado el procedimiento restringido?","Para servicios intelectuales de especial complejidad, como determinados servicios de consultoría, arquitectura o ingeniería","Para cualquier contrato menor de suministro","Exclusivamente para contratos de obras de emergencia","Para contratos en los que el órgano de contratación quiera negociar el precio","1","El artículo 160.4 señala especialmente los servicios intelectuales de especial complejidad, como determinados servicios de consultoría, arquitectura o ingeniería. :contentReference[oaicite:6]{index=6}"
"¿Pueden los pliegos prever primas o compensaciones para los licitadores en un procedimiento restringido?","Sí, en contratos de servicios cuando la presentación de la oferta implique la realización de determinados desarrollos","No, las primas están prohibidas en el procedimiento restringido","Sí, pero únicamente en contratos de obras","Sí, siempre que participen más de cinco candidatos","1","El artículo 160.2 permite que los pliegos contemplen primas o compensaciones por gastos de los licitadores en contratos de servicios cuando presentar la oferta implique determinados desarrollos. :contentReference[oaicite:7]{index=7}"
"En un contrato sujeto a regulación armonizada, ¿cuál es el plazo mínimo general para presentar solicitudes de participación en un procedimiento restringido?","Treinta días desde el envío del anuncio de licitación a la Oficina de Publicaciones de la Unión Europea","Treinta y cinco días desde la publicación en el perfil de contratante","Quince días desde la publicación del anuncio","Diez días desde el envío de la invitación","1","El artículo 161.1 establece un plazo mínimo de treinta días desde el envío del anuncio de licitación a la Oficina de Publicaciones de la Unión Europea. :contentReference[oaicite:8]{index=8}"
"Cuando un procedimiento restringido sujeto a regulación armonizada se tramita por urgencia, ¿cuál es el plazo mínimo para presentar solicitudes de participación en contratos de obras, suministros y servicios?","Quince días desde el envío del anuncio de licitación","Diez días desde el envío del anuncio","Cinco días desde la publicación del perfil","Veinte días desde la aprobación del expediente","1","El artículo 161.1 permite reducir el plazo cuando el plazo general sea impracticable por urgencia, pero este no puede ser inferior a quince días desde el envío del anuncio de licitación. :contentReference[oaicite:9]{index=9}"
"En un contrato no sujeto a regulación armonizada, ¿cuál es el plazo mínimo para presentar solicitudes de participación en un procedimiento restringido?","Quince días desde la publicación del anuncio de licitación","Diez días desde la publicación del anuncio","Treinta días desde el envío del anuncio a la Unión Europea","Veintiséis días desde la publicación del perfil","1","El artículo 161.3 fija para los contratos no SARA un plazo mínimo de quince días desde la publicación del anuncio de licitación. :contentReference[oaicite:10]{index=10}"
"¿Qué documentación debe acompañar a las solicitudes de participación en un procedimiento restringido?","La documentación prevista en el artículo 140, salvo el documento acreditativo de la constitución de la garantía provisional","La oferta económica completa y la garantía definitiva","Únicamente una declaración responsable","El pliego firmado y la garantía definitiva","1","El artículo 161.4 exige que las solicitudes vayan acompañadas de la documentación del artículo 140, exceptuando el documento acreditativo de la constitución de la garantía provisional. :contentReference[oaicite:11]{index=11}"
"¿Cuándo debe establecer el órgano de contratación los criterios objetivos de solvencia para seleccionar candidatos en un procedimiento restringido?","Con carácter previo al anuncio de licitación","Después de recibir las solicitudes de participación","Después de seleccionar a los candidatos","Después de recibir las proposiciones","1","El artículo 162.1 exige que, antes del anuncio de licitación, el órgano de contratación haya establecido los criterios objetivos de solvencia con los que se seleccionarán los candidatos. :contentReference[oaicite:12]{index=12}"
"¿De qué artículos deben extraerse los criterios objetivos de solvencia para la selección de candidatos en un procedimiento restringido?","De los artículos 87 a 91 de la LCSP","De los artículos 131 a 135","De los artículos 145 a 149","De los artículos 156 a 159","1","El artículo 162.1 remite expresamente a los criterios de solvencia señalados en los artículos 87 a 91. :contentReference[oaicite:13]{index=13}"
"¿Cuál es el número mínimo de empresarios que debe señalar el órgano de contratación para invitarles a participar en un procedimiento restringido?","Cinco","Tres","Cuatro","Diez","1","El artículo 162.2 establece que el número mínimo no puede ser inferior a cinco. :contentReference[oaicite:14]{index=14}"
"Si el número de candidatos que cumplen los criterios de selección es inferior al mínimo de cinco, ¿puede continuar el procedimiento restringido?","Sí, puede continuar con los candidatos que reúnan las condiciones exigidas","No, debe declararse necesariamente desierto","Sí, pero deben invitarse empresarios que no hayan solicitado participar","No, salvo autorización de la Junta Consultiva","1","El artículo 162.2 permite continuar con los candidatos que cumplan las condiciones cuando sean menos de cinco, pero no permite invitar a empresarios que no hayan solicitado participar ni a candidatos que no posean las condiciones exigidas. :contentReference[oaicite:15]{index=15}"
"¿Puede el órgano de contratación fijar un número máximo de candidatos que serán invitados a presentar oferta?","Sí","No, únicamente puede establecer un número mínimo","Sí, pero solo cuando existan más de diez candidatos","Solo en contratos sujetos a regulación armonizada","1","El artículo 162.2 permite al órgano de contratación fijar también un número máximo de candidatos a los que se invitará a presentar oferta. :contentReference[oaicite:16]{index=16}"
"¿Qué debe garantizar el número de candidatos finalmente invitados en un procedimiento restringido?","Que sea suficiente para garantizar una competencia efectiva","Que sea exactamente igual al número mínimo establecido","Que no supere nunca cinco","Que coincida con el número de ofertas recibidas en la fase anterior","1","El artículo 162.2 establece que, en cualquier caso, el número de candidatos invitados debe ser suficiente para garantizar una competencia efectiva. :contentReference[oaicite:17]{index=17}"
"¿Dónde deben indicarse los criterios objetivos y no discriminatorios de selección de candidatos?","En el anuncio de licitación","Únicamente en el documento interno del órgano de contratación","En la resolución de adjudicación","Solo en la invitación a presentar proposiciones","1","El artículo 162.3 exige que los criterios o normas objetivos y no discriminatorios, junto con el número mínimo y, en su caso, máximo de candidatos, figuren en el anuncio de licitación. :contentReference[oaicite:18]{index=18}"
"¿Qué debe hacer el órgano de contratación una vez comprobadas la personalidad y solvencia de los solicitantes?","Seleccionar a quienes pasarán a la siguiente fase e invitarles simultáneamente y por escrito a presentar sus proposiciones","Adjudicar directamente el contrato al candidato con mayor solvencia","Invitar a todos los solicitantes sin atender a su solvencia","Negociar individualmente las condiciones con los candidatos seleccionados","1","El artículo 162.4 establece que, comprobadas la personalidad y solvencia, el órgano de contratación seleccionará a los candidatos que pasan a la siguiente fase y les invitará simultáneamente y por escrito. :contentReference[oaicite:19]{index=19}"
"¿Cómo deben realizarse las invitaciones a presentar proposiciones en el procedimiento restringido?","Simultáneamente y por escrito a los candidatos seleccionados","Individualmente y verbalmente","Únicamente mediante publicación en el perfil de contratante","Solo después de una negociación previa","1","El artículo 162.4 exige que las invitaciones se realicen simultáneamente y por escrito. :contentReference[oaicite:20]{index=20}"
"⭐⭐⭐ ¿Cuál de los siguientes extremos debe contener la invitación a presentar proposiciones?","La fecha límite para recibir ofertas, la dirección de presentación, la lengua o lenguas y, cuando proceda, los documentos complementarios","Únicamente el precio máximo del contrato","Solo la identidad de los demás candidatos","La puntuación que obtendrá previamente cada candidato","1","El artículo 163.1 establece el contenido mínimo de las invitaciones, incluyendo referencia al anuncio, fecha límite, dirección, lengua o lenguas y documentación complementaria, entre otros extremos."
"En el procedimiento restringido, ¿a qué momento del procedimiento se refiere el artículo 163 de la Ley 9/2017 al regular el contenido de la invitación?","Al momento posterior a la selección de los candidatos, en el que los seleccionados son invitados a presentar sus proposiciones.","Al momento inicial de publicación del anuncio, cuando cualquier empresario puede presentar directamente su proposición.","Al momento de adjudicación, cuando el órgano de contratación comunica al adjudicatario el resultado de la licitación.","Al momento de formalización, cuando el adjudicatario recibe la documentación necesaria para suscribir el contrato.","1","El artículo 163 regula las invitaciones a presentar proposiciones que se realizan a los candidatos seleccionados en el procedimiento restringido. Por tanto, se sitúa después de la fase de selección de candidatos y antes de la presentación de las proposiciones."
"Conforme al artículo 163.1 de la Ley 9/2017, ¿cuál de los siguientes conjuntos recoge extremos que deben figurar en la invitación a presentar proposiciones?","La fecha límite para recibir ofertas, la dirección a la que deben enviarse, la lengua o lenguas en que deben estar redactadas y, cuando proceda, los documentos que deban adjuntarse.","El plazo de ejecución del contrato, la identidad de todos los candidatos seleccionados, la puntuación mínima exigida y la composición de la mesa de contratación.","La fecha de adjudicación prevista, el precio máximo del contrato, la identidad de los demás candidatos y la valoración individual de cada solicitud de participación.","La clasificación definitiva de los candidatos, el importe de las garantías que deberán constituirse y la puntuación previamente asignada a cada proposición.","1","El artículo 163.1 establece que la invitación debe incluir, entre otros extremos, la referencia al anuncio publicado, la fecha límite para recibir ofertas, la dirección a la que deben enviarse, la lengua o lenguas en que deben redactarse y, cuando proceda, los documentos que deban adjuntarse."
"¿Debe la invitación indicar los criterios de adjudicación?","Sí, junto con su ponderación relativa o, en su caso, el orden decreciente de importancia, cuando no figuren en el anuncio","No, los criterios solo se conocen después de presentar las ofertas","Solo debe indicar el criterio económico","Sí, pero únicamente cuando exista un único criterio","1","El artículo 163.1 exige que la invitación indique los criterios de adjudicación y su ponderación relativa o, en su caso, su orden decreciente, si no figuran en el anuncio de licitación. :contentReference[oaicite:22]{index=22}"
"¿Debe la invitación indicar el lugar, día y hora de apertura de las proposiciones?","Sí","No, porque estos datos solo deben figurar en el contrato","Solo cuando el contrato sea de obras","Solo si existen más de cinco candidatos","1","El artículo 163.1 incluye expresamente el lugar, día y hora de apertura de las proposiciones entre los contenidos de la invitación. :contentReference[oaicite:23]{index=23}"
"¿Qué debe permitir la invitación respecto de los pliegos y documentación complementaria?","Debe contener las indicaciones pertinentes para permitir el acceso por medios electrónicos","Debe obligar siempre a recogerlos presencialmente","Debe remitirlos exclusivamente por correo postal","Debe permitir acceder solo al pliego administrativo","1","El artículo 163.2 establece que la invitación debe contener las indicaciones pertinentes para permitir el acceso por medios electrónicos a los pliegos y documentación complementaria. :contentReference[oaicite:24]{index=24}"
"Si excepcionalmente se permite el acceso no electrónico a los pliegos, ¿qué debe indicar la invitación?","La circunstancia y la forma en que la documentación se pondrá a disposición de los candidatos","Únicamente que existe documentación adicional","El nombre del funcionario que la custodia","Solo el importe del contrato","1","El artículo 163.2 exige indicar esta circunstancia y la forma de puesta a disposición cuando se permita el acceso por medios no electrónicos. :contentReference[oaicite:25]{index=25}"
"Si la documentación complementaria está en poder de una entidad distinta de la que tramita el procedimiento, ¿qué debe indicar la invitación?","La forma de solicitarla, la fecha límite para ello cuando proceda y, en su caso, el importe y modalidades de pago","Solo la dirección de la entidad","Únicamente el importe de reproducción","Nada adicional, porque el candidato debe localizarla por sus propios medios","1","El artículo 163.2 establece expresamente esos datos cuando la documentación esté en poder de una entidad u órgano distinto del que tramita el procedimiento. :contentReference[oaicite:26]{index=26}"
"En un procedimiento restringido sujeto a regulación armonizada, ¿cuál es el plazo mínimo general para presentar proposiciones?","Treinta días desde la fecha de envío de la invitación escrita","Treinta y cinco días desde la publicación del anuncio","Quince días desde la publicación del perfil","Diez días desde el envío de la invitación","1","El artículo 164.1 fija un plazo mínimo de treinta días desde el envío de la invitación escrita para presentar proposiciones en contratos SARA. :contentReference[oaicite:27]{index=27}"
"¿A cuánto puede reducirse el plazo de presentación de proposiciones en un procedimiento restringido SARA cuando se haya enviado previamente un anuncio de información previa cumpliendo los requisitos legales?","Diez días","Quince días","Veinte días","Cinco días","1","El artículo 164.1.a permite reducir el plazo general a diez días cuando se haya enviado el anuncio de información previa cumpliendo los requisitos establecidos por la Ley. :contentReference[oaicite:28]{index=28}"
"En un procedimiento restringido SARA tramitado por urgencia, ¿cuál es el plazo mínimo para presentar proposiciones?","Diez días desde la fecha de envío de la invitación escrita","Quince días desde la publicación del anuncio","Cinco días desde la invitación","Veinte días desde la aprobación del expediente","1","El artículo 164.1.b permite reducir el plazo por urgencia, pero no puede ser inferior a diez días desde el envío de la invitación escrita. :contentReference[oaicite:29]{index=29}"
"¿Cuánto puede reducirse el plazo general de presentación de proposiciones en un procedimiento restringido cuando se aceptan ofertas por medios electrónicos?","Cinco días","Diez días","Quince días","No puede reducirse","1","El artículo 164.1.c permite reducir en cinco días el plazo general cuando el órgano de contratación acepta la presentación de ofertas por medios electrónicos. :contentReference[oaicite:30]{index=30}"
"En las concesiones de obras y de servicios dentro de un procedimiento restringido, ¿qué reducción del plazo general de presentación de proposiciones puede utilizarse?","Únicamente la reducción de cinco días por aceptación de ofertas electrónicas","La reducción a diez días por anuncio de información previa y la reducción electrónica","Cualquier reducción prevista para contratos de obras y servicios","Ninguna reducción en ningún supuesto","1","El artículo 164.1 establece expresamente que en las concesiones de obras y servicios solo puede reducirse el plazo general cuando concurra la circunstancia de aceptación de ofertas por medios electrónicos. :contentReference[oaicite:31]{index=31}"
"⭐⭐⭐ En un contrato no sujeto a regulación armonizada, ¿cuál es el plazo mínimo para presentar proposiciones en un procedimiento restringido?","Diez días desde la fecha de envío de la invitación","Quince días desde la publicación del anuncio","Treinta días desde el envío de la invitación","Cinco días desde la invitación","1","El artículo 164.2 establece un plazo mínimo de diez días desde el envío de la invitación para contratos no sujetos a regulación armonizada. :contentReference[oaicite:32]{index=32}"
"👑 En un procedimiento restringido relativo a un contrato no sujeto a regulación armonizada, ¿qué combinación de plazos y actuaciones es correcta conforme a los artículos 161.3 y 164.2 de la Ley 9/2017?","Las solicitudes de participación tienen un plazo mínimo de quince días desde la publicación del anuncio de licitación, mientras que las proposiciones tienen un plazo mínimo de diez días desde el envío de la invitación.","Tanto las solicitudes de participación como las proposiciones tienen un plazo mínimo de diez días desde el envío de la invitación.","Las solicitudes de participación tienen un plazo mínimo de diez días desde la publicación del anuncio y las proposiciones de quince días desde el envío de la invitación.","Las solicitudes de participación tienen un plazo mínimo de quince días desde el envío de la invitación y las proposiciones de diez días desde la publicación del anuncio.","1","El artículo 161.3 establece para los contratos no sujetos a regulación armonizada un plazo mínimo de quince días para las solicitudes de participación, contados desde la publicación del anuncio de licitación. Una vez seleccionados los candidatos, el artículo 164.2 establece un plazo mínimo de diez días para presentar proposiciones, contado desde el envío de la invitación."
"¿Qué normativa se aplica a la adjudicación de un contrato mediante procedimiento restringido?","La prevista en la LCSP para el procedimiento abierto, salvo lo relativo a la necesidad de calificar previamente la documentación del artículo 140","La prevista para los procedimientos negociados","La prevista para los contratos menores","Exclusivamente las normas del procedimiento de emergencia","1","El artículo 165 establece que en la adjudicación se aplica lo previsto para el procedimiento abierto, salvo la necesidad de calificar previamente la documentación del artículo 140. :contentReference[oaicite:33]{index=33}"
"¿Cuál de las siguientes afirmaciones distingue correctamente el procedimiento abierto del procedimiento restringido respecto del acceso a la fase de presentación de proposiciones?","En el procedimiento abierto cualquier empresario interesado puede presentar una proposición, mientras que en el restringido solo pueden hacerlo los empresarios previamente seleccionados por el órgano de contratación.","En el procedimiento abierto cualquier empresario puede solicitar participar, pero solo los candidatos seleccionados pueden presentar proposición, mientras que en el restringido cualquier empresario interesado puede presentar directamente su oferta.","En ambos procedimientos cualquier empresario puede presentar directamente una proposición, diferenciándose únicamente en que el restringido exige un número mínimo de cinco ofertas para continuar la licitación.","En el procedimiento abierto los empresarios deben superar previamente los criterios de solvencia para poder presentar proposición, mientras que en el restringido pueden presentar proposición todos los que hayan solicitado participar.","1","El artículo 160.1 establece que en el procedimiento restringido cualquier empresa interesada puede presentar una solicitud de participación, pero el apartado 2 dispone que solo pueden presentar proposiciones los empresarios que hayan sido seleccionados por el órgano de contratación atendiendo a su solvencia. En el procedimiento abierto no existe esta fase previa de selección de candidatos."
"En el procedimiento restringido, ¿qué actuación puede realizar inicialmente cualquier empresa interesada y cuál queda reservada a los candidatos seleccionados?","Cualquier empresa interesada puede presentar una solicitud de participación; únicamente los candidatos seleccionados por el órgano de contratación pueden presentar posteriormente una proposición.","Cualquier empresa interesada puede presentar directamente una proposición; únicamente los candidatos seleccionados pueden solicitar participar en la licitación.","Cualquier empresa interesada puede presentar una solicitud de participación y una proposición simultáneamente, pero solo los candidatos seleccionados pueden mejorar posteriormente su oferta.","Únicamente los candidatos previamente seleccionados pueden presentar una solicitud de participación y una proposición, al existir una selección previa de todos los participantes.","1","El artículo 160.1 permite a cualquier empresa interesada presentar una solicitud de participación en respuesta a la convocatoria. Conforme al artículo 160.2, solo pueden presentar proposiciones los empresarios que, habiéndolo solicitado, sean seleccionados por el órgano de contratación atendiendo a su solvencia."
"¿Cuál de las siguientes combinaciones identifica correctamente los plazos mínimos del procedimiento restringido SARA?","Solicitud de participación: 30 días; proposición: 30 días","Solicitud de participación: 35 días; proposición: 15 días","Solicitud de participación: 15 días; proposición: 10 días","Solicitud de participación: 30 días; proposición: 15 días en todo caso","1","En contratos SARA, el artículo 161 fija como regla general 30 días para las solicitudes de participación y el artículo 164 fija 30 días para las proposiciones, sin perjuicio de las reducciones legalmente previstas. :contentReference[oaicite:35]{index=35} :contentReference[oaicite:36]{index=36}"
"¿Cuál de las siguientes combinaciones es correcta para un procedimiento restringido urgente en contratos SARA de obras, suministros o servicios?","Solicitud de participación: mínimo 15 días; proposición: mínimo 10 días","Solicitud de participación: mínimo 10 días; proposición: mínimo 15 días","Solicitud de participación: mínimo 5 días; proposición: mínimo 10 días","Solicitud de participación: mínimo 15 días; proposición: mínimo 15 días","1","El artículo 161.1 fija en 15 días el mínimo para las solicitudes en situación de urgencia, mientras que el artículo 164.1.b fija en 10 días el mínimo para las proposiciones. :contentReference[oaicite:37]{index=37} :contentReference[oaicite:38]{index=38}"
"En un procedimiento restringido para un contrato SARA de obras, suministros o servicios declarado urgente, ¿cuáles son los plazos mínimos que puede fijar el órgano de contratación para las solicitudes de participación y, posteriormente, para las proposiciones?","15 días para las solicitudes de participación y 10 días para las proposiciones.","10 días para las solicitudes de participación y 15 días para las proposiciones.","15 días para las solicitudes de participación y 15 días para las proposiciones.","10 días para las solicitudes de participación y 10 días para las proposiciones.","1","El artículo 161.1 establece que, en situación de urgencia, el plazo de presentación de solicitudes de participación en contratos SARA de obras, suministros y servicios no podrá ser inferior a 15 días desde el envío del anuncio de licitación. Posteriormente, el artículo 164.1.b permite fijar un plazo mínimo de 10 días para las proposiciones desde el envío de la invitación escrita."
"⭐⭐⭐ En un procedimiento restringido SARA de obras, suministros o servicios, ¿qué combinación distingue correctamente los plazos generales de los aplicables cuando el procedimiento se tramita por urgencia?","Solicitudes de participación: 30 días con carácter general y 15 días en caso de urgencia; proposiciones: 30 días con carácter general y 10 días en caso de urgencia.","Solicitudes de participación: 30 días con carácter general y 10 días en caso de urgencia; proposiciones: 30 días con carácter general y 15 días en caso de urgencia.","Solicitudes de participación: 35 días con carácter general y 15 días en caso de urgencia; proposiciones: 30 días con carácter general y 10 días en caso de urgencia.","Solicitudes de participación: 30 días con carácter general y 15 días en caso de urgencia; proposiciones: 15 días con carácter general y 10 días en caso de urgencia.","1","El artículo 161.1 establece un plazo general mínimo de 30 días para las solicitudes de participación y permite reducirlo a 15 días en situación de urgencia para obras, suministros y servicios. El artículo 164.1 establece un plazo general mínimo de 30 días para las proposiciones y permite reducirlo a 10 días en situación de urgencia."
"En un procedimiento restringido sujeto a regulación armonizada para contratos de obras, suministros o servicios, ¿qué combinación distingue correctamente los plazos mínimos generales y los aplicables cuando el plazo general resulta impracticable por una situación de urgencia?","Solicitudes de participación: 30 días con carácter general y 15 días en caso de urgencia; proposiciones: 30 días con carácter general y 10 días en caso de urgencia.","Solicitudes de participación: 30 días con carácter general y 10 días en caso de urgencia; proposiciones: 30 días con carácter general y 15 días en caso de urgencia.","Solicitudes de participación: 35 días con carácter general y 15 días en caso de urgencia; proposiciones: 30 días con carácter general y 10 días en caso de urgencia.","Solicitudes de participación: 30 días con carácter general y 15 días en caso de urgencia; proposiciones: 15 días con carácter general y 10 días en caso de urgencia.","1","El artículo 161.1 establece un plazo mínimo general de 30 días para las solicitudes de participación y permite reducirlo a 15 días en situación de urgencia para contratos de obras, suministros y servicios. El artículo 164.1 establece un plazo mínimo general de 30 días para las proposiciones y permite reducirlo a 10 días en situación de urgencia."
"¿Qué relación existe entre los artículos 162 y 163 en el procedimiento restringido?","El artículo 162 regula la selección de candidatos y el 163 el contenido de las invitaciones e información que se facilita a los candidatos","El artículo 162 regula la adjudicación y el 163 la formalización","El artículo 162 regula la negociación y el 163 la valoración económica","Ambos regulan exclusivamente los plazos de presentación de ofertas","1","El artículo 162 regula cómo se seleccionan los candidatos que pasan a la segunda fase, mientras que el artículo 163 determina qué debe contener la invitación que reciben. :contentReference[oaicite:39]{index=39} :contentReference[oaicite:40]{index=40}"
"⭐⭐⭐ ¿Cuál de las siguientes afirmaciones diferencia correctamente el procedimiento restringido del procedimiento con negociación?","En el restringido está prohibida toda negociación de los términos del contrato; en los procedimientos con negociación la negociación constituye precisamente una parte del procedimiento","En ambos está prohibida toda negociación","En el restringido se negocia únicamente el precio y en el negociado ningún elemento","En el restringido se negocian las ofertas y en el negociado solo se seleccionan candidatos","1","El artículo 160.3 prohíbe la negociación en el procedimiento restringido. En cambio, los procedimientos con negociación regulados en los artículos siguientes permiten negociar en los supuestos y condiciones establecidos por la LCSP."
"¿Cuál de las siguientes afirmaciones diferencia correctamente el procedimiento restringido de la licitación con negociación conforme a la Ley 9/2017?","En el procedimiento restringido no pueden negociarse los términos del contrato, mientras que en la licitación con negociación el órgano de contratación negocia con los candidatos las ofertas presentadas, dentro de los límites establecidos por la Ley.","En el procedimiento restringido no pueden modificarse las ofertas, mientras que en la licitación con negociación solo pueden negociarse las condiciones económicas del contrato.","En el procedimiento restringido pueden negociarse los términos del contrato con los candidatos seleccionados, mientras que en la licitación con negociación únicamente puede negociarse el precio.","En ambos procedimientos pueden negociarse las ofertas de los candidatos seleccionados, aunque en el restringido la negociación queda limitada a los aspectos previamente indicados en los pliegos.","1","El artículo 160.3 establece que en el procedimiento restringido no podrá negociarse en ningún caso los términos del contrato con los solicitantes o candidatos. En la licitación con negociación, en cambio, la negociación constituye una fase propia del procedimiento y se desarrolla en los términos establecidos en los artículos 166 y siguientes."
"¿Cuál de las siguientes afirmaciones distingue correctamente la posibilidad de negociación en los procedimientos de contratación regulados por la Ley 9/2017?","En el procedimiento restringido no puede negociarse ningún término del contrato con los candidatos, mientras que la licitación con negociación incorpora una fase de negociación de las ofertas en los términos previstos legalmente.","En el procedimiento restringido puede negociarse el precio con los candidatos seleccionados, mientras que en la licitación con negociación solo pueden negociarse aspectos técnicos.","En ambos procedimientos está permitida la negociación siempre que el pliego identifique previamente los aspectos que pueden modificarse.","El procedimiento restringido permite negociar las ofertas iniciales, mientras que la licitación con negociación se limita a seleccionar previamente a los candidatos que podrán presentar oferta.","1","El artículo 160.3 prohíbe expresamente negociar los términos del contrato en el procedimiento restringido. En cambio, la licitación con negociación se caracteriza por incorporar una fase de negociación de las ofertas con los candidatos, de acuerdo con los artículos 166 y siguientes de la Ley 9/2017."
"¿En qué consiste esencialmente un procedimiento con negociación?","La adjudicación recae en el licitador justificadamente elegido tras negociar las condiciones del contrato con uno o varios candidatos","La adjudicación recae necesariamente en el licitador que haya presentado la oferta más barata sin negociación","La Administración selecciona previamente al adjudicatario y posteriormente negocia con él las condiciones","Los candidatos presentan ofertas definitivas sin que exista posibilidad de negociación","1","El artículo 166.1 establece que en los procedimientos con negociación la adjudicación recaerá en el licitador justificadamente elegido por el órgano de contratación después de negociar las condiciones del contrato con uno o varios candidatos. :contentReference[oaicite:2]{index=2}"
"¿Qué debe determinar el pliego de cláusulas administrativas particulares en un procedimiento con negociación?","Los aspectos económicos y técnicos que, en su caso, serán objeto de negociación, el procedimiento para negociar, los requisitos mínimos y los criterios de adjudicación","Únicamente el precio máximo del contrato y el número de candidatos","Solo los aspectos técnicos, quedando los económicos para la negociación","Exclusivamente los criterios de adjudicación, que se determinarán después de negociar","1","El artículo 166.2 exige determinar en el PCAP los aspectos económicos y técnicos negociables, las necesidades y características exigidas, el procedimiento de negociación, los requisitos mínimos y los criterios de adjudicación. :contentReference[oaicite:3]{index=3}"
"¿Qué principio debe garantizar en todo momento el procedimiento establecido para negociar?","La máxima transparencia, la publicidad de la negociación y la no discriminación entre los licitadores","La confidencialidad absoluta frente a todos los licitadores","La negociación individual y secreta con cada candidato","La igualdad únicamente respecto de las ofertas económicas","1","El artículo 166.2 exige que el procedimiento de negociación garantice en todo momento la máxima transparencia, la publicidad de la misma y la no discriminación entre los licitadores. :contentReference[oaicite:4]{index=4}"
"⭐⭐⭐ ¿Qué finalidad debe cumplir la información facilitada a los operadores económicos antes de que decidan solicitar participar?","Debe ser suficientemente precisa para que puedan identificar la naturaleza y el ámbito de la contratación y decidir si solicitan participar","Debe permitir conocer la identidad del futuro adjudicatario","Debe revelar las ofertas económicas de los competidores","Debe contener necesariamente el resultado de la negociación","1","El artículo 166.2 exige que la información sea suficientemente precisa para permitir a los operadores económicos identificar la naturaleza y el ámbito de la contratación y decidir si solicitan participar. :contentReference[oaicite:5]{index=5}"
"En un procedimiento de licitación con negociación, ¿qué afirmación refleja correctamente la función de la información exigida por el artículo 166.2 de la Ley 9/2017?","Debe permitir a los operadores económicos identificar la naturaleza y el ámbito de la contratación y valorar, sobre esa base, si solicitan participar, sin que tenga que anticipar el resultado de la negociación.","Debe permitir a los operadores económicos conocer las ofertas iniciales de los demás participantes para decidir si solicitan participar en la negociación.","Debe limitarse a indicar los criterios de adjudicación, pues la naturaleza y el ámbito de la contratación se concretan únicamente durante la negociación.","Debe contener necesariamente los aspectos económicos y técnicos que serán modificados durante la negociación y la posición que adoptará el órgano de contratación respecto de cada uno.","1","El artículo 166.2 exige que la información sea suficientemente precisa para que los operadores económicos puedan identificar la naturaleza y el ámbito de la contratación y decidir si solicitan participar. No exige revelar las ofertas de otros participantes ni anticipar el resultado o desarrollo concreto de la negociación."
"Conforme al artículo 166.2 de la Ley 9/2017, ¿qué finalidad debe cumplir la información facilitada a los operadores económicos en un procedimiento con negociación?","Debe ser suficientemente precisa para que puedan identificar la naturaleza y el ámbito de la contratación y decidir si solicitan participar en el procedimiento.","Debe permitir a los operadores económicos conocer anticipadamente el contenido de las ofertas de los demás candidatos y decidir si mantienen su participación.","Debe permitir únicamente identificar los criterios de adjudicación y su ponderación antes de que comience la fase de negociación.","Debe proporcionar a los operadores económicos información suficiente para conocer de antemano el resultado previsible de la negociación y la identidad del adjudicatario.","1","El artículo 166.2 establece que la información facilitada debe ser lo suficientemente precisa para que los operadores económicos puedan identificar la naturaleza y el ámbito de la contratación y decidir si solicitan participar en el procedimiento."
"¿Cuándo pueden utilizarse los procedimientos con negociación?","En los supuestos previstos en los artículos 167 y 168","En cualquier contrato cuando el órgano de contratación considere conveniente negociar","Únicamente en contratos de importe superior a los umbrales europeos","Solo cuando previamente haya fracasado un procedimiento abierto","1","El artículo 166.3 limita los procedimientos con negociación a los casos enumerados en los artículos 167 y 168. :contentReference[oaicite:6]{index=6}"
"⭐⭐⭐ Como regla general, ¿debe publicarse un anuncio de licitación cuando se utiliza un procedimiento con negociación?","Sí, salvo que concurran las circunstancias excepcionales del artículo 168","No, porque todo procedimiento con negociación carece de publicidad","Solo cuando el contrato sea de obras","Solo cuando participen más de tres candidatos","1","El artículo 166.3 establece la publicación de un anuncio de licitación como regla general. La excepción corresponde a los supuestos del artículo 168, que permiten el negociado sin publicidad."
"👑 Como regla general, ¿qué obligación de publicidad se aplica a los procedimientos con negociación conforme al artículo 166.3 de la Ley 9/2017?","Debe publicarse un anuncio de licitación, salvo que concurran las circunstancias excepcionales previstas en el artículo 168","Debe publicarse un anuncio de licitación únicamente cuando se utilice el procedimiento de licitación con negociación del artículo 167","No debe publicarse anuncio de licitación, salvo que el órgano de contratación decida limitar el número de candidatos","Debe publicarse anuncio de licitación únicamente cuando el procedimiento se tramite con tres o más candidatos","1","El artículo 166.3 establece que los procedimientos con negociación pueden utilizarse en los casos de los artículos 167 y 168 y que, salvo que concurran las circunstancias excepcionales recogidas en el artículo 168, los órganos de contratación deberán publicar un anuncio de licitación."
"¿En qué contratos puede utilizarse la licitación con negociación del artículo 167?","En contratos de obras, suministros, servicios, concesión de obras y concesión de servicios cuando concurra alguno de los supuestos legales","Únicamente en contratos de servicios y suministros","Solo en contratos de obras y concesiones","En cualquier contrato privado del sector público","1","El artículo 167 permite la licitación con negociación en esas cinco categorías contractuales cuando concurra alguno de los supuestos enumerados. :contentReference[oaicite:8]{index=8}"
"¿Cuál de las siguientes situaciones permite acudir a la licitación con negociación?","Cuando sea imprescindible un trabajo previo de diseño o adaptación de la prestación por parte de los licitadores","Cuando el órgano de contratación prefiera negociar el precio aunque el objeto esté perfectamente definido","Cuando el contrato tenga un valor estimado inferior a 15.000 euros","Cuando exista crédito presupuestario insuficiente","1","El artículo 167.a permite la licitación con negociación cuando, para satisfacer las necesidades del órgano de contratación, resulte imprescindible que la prestación disponible en el mercado sea objeto de un trabajo previo de diseño o adaptación por los licitadores. :contentReference[oaicite:9]{index=9}"
"¿Puede utilizarse la licitación con negociación cuando la prestación incluya un proyecto o soluciones innovadoras?","Sí","No, la innovación solo permite acudir al diálogo competitivo","Sí, pero únicamente en contratos de obras","Sí, pero solo cuando el proyecto tenga financiación europea","1","El artículo 167.b contempla expresamente que la prestación incluya un proyecto o soluciones innovadoras como supuesto de licitación con negociación. :contentReference[oaicite:10]{index=10}"
"¿Cuándo puede acudirse a la licitación con negociación por razón de la naturaleza o complejidad de la prestación?","Cuando el contrato no pueda adjudicarse sin negociaciones previas debido a circunstancias específicas vinculadas a su naturaleza, complejidad, configuración jurídica o financiera o a los riesgos inherentes","Cuando la Administración considere que negociar resulta más cómodo","Cuando la prestación tenga necesariamente carácter intelectual","Cuando el contrato sea inferior a los umbrales del procedimiento abierto","1","El artículo 167.c contempla esta posibilidad cuando las circunstancias específicas de la prestación hacen necesarias negociaciones previas. :contentReference[oaicite:11]{index=11}"
"¿Puede utilizarse la licitación con negociación cuando el órgano de contratación no pueda establecer con suficiente precisión las especificaciones técnicas por referencia a determinados estándares?","Sí","No, en ese caso solo puede utilizarse el procedimiento abierto","Sí, pero únicamente en contratos de servicios","Solo si previamente se ha declarado la emergencia","1","El artículo 167.d permite acudir a la licitación con negociación cuando no puedan establecerse con suficiente precisión las especificaciones técnicas mediante las referencias técnicas contempladas por la Ley. :contentReference[oaicite:12]{index=12}"
"¿Qué ofertas permiten acudir a la licitación con negociación después de un procedimiento abierto o restringido?","Las ofertas irregulares o inaceptables, cuando solo se hayan presentado este tipo de ofertas","Cualquier oferta que no sea la económicamente más ventajosa","Únicamente las ofertas anormalmente bajas","Solo las ofertas presentadas fuera de plazo","1","El artículo 167.e contempla el supuesto en que en procedimientos abiertos o restringidos anteriores solo se hayan presentado ofertas irregulares o inaceptables. :contentReference[oaicite:13]{index=13}"
"¿Cuál de las siguientes se considera una oferta irregular a efectos del artículo 167?","Una oferta que no corresponda a los pliegos de la contratación","Una oferta presentada por una empresa perfectamente cualificada","Una oferta cuyo precio sea inferior al presupuesto base de licitación","Una oferta presentada dentro del plazo y conforme a los pliegos","1","El artículo 167.e considera irregulares, entre otras, las ofertas que no correspondan a los pliegos, las recibidas fuera de plazo, las que presenten indicios de colusión o corrupción o las consideradas anormalmente bajas. :contentReference[oaicite:14]{index=14}"
"¿Cuál de las siguientes puede ser considerada una oferta inaceptable conforme al artículo 167?","La presentada por un licitador que no posea la cualificación requerida","La presentada por un licitador que cumpla todos los requisitos de solvencia","La presentada dentro del plazo y conforme al pliego","La oferta que obtenga la mayor puntuación","1","El artículo 167.e considera inaceptables, en particular, las ofertas presentadas por licitadores que no posean la cualificación requerida y aquellas cuyo precio rebase el presupuesto del órgano de contratación determinado y documentado antes del procedimiento. :contentReference[oaicite:15]{index=15}"
"¿Puede utilizarse la licitación con negociación para contratos de servicios sociales personalísimos?","Sí, cuando tengan como característica determinante el arraigo de la persona en el entorno de atención social y el objeto sea dar continuidad a personas que ya eran beneficiarias","No, los servicios sociales personalísimos solo pueden adjudicarse mediante procedimiento restringido","Sí, siempre que el contrato tenga un valor estimado inferior a 100.000 euros","Solo cuando no exista ningún operador económico alternativo","1","El artículo 167.f contempla este supuesto específico de servicios sociales personalísimos cuando concurre el arraigo de la persona en el entorno de atención social y se pretende dar continuidad a quienes ya eran beneficiarios. :contentReference[oaicite:16]{index=16}"
"⭐⭐⭐ ¿Qué característica diferencia principalmente la licitación con negociación del procedimiento restringido?","En la licitación con negociación pueden negociarse determinados aspectos del contrato; en el restringido está prohibida toda negociación","En el restringido se negocia el precio y en la licitación con negociación no","Ambos procedimientos permiten negociar las condiciones contractuales","En el restringido se negocian los requisitos mínimos y en la licitación con negociación no","1","El artículo 160.3 prohíbe la negociación en el procedimiento restringido, mientras que el artículo 166 configura precisamente la negociación como elemento propio de estos procedimientos. :contentReference[oaicite:17]{index=17}"
"👑 ¿Cuál de las siguientes afirmaciones diferencia correctamente la licitación con negociación del procedimiento restringido conforme a la Ley 9/2017?","En la licitación con negociación pueden negociarse los aspectos económicos y técnicos que, en su caso, determinen los pliegos, mientras que en el procedimiento restringido está prohibida toda negociación de los términos del contrato.","En el procedimiento restringido pueden negociarse los aspectos económicos del contrato, mientras que en la licitación con negociación únicamente pueden modificarse los requisitos mínimos establecidos en los pliegos.","Ambos procedimientos permiten negociar los términos del contrato, pero en el restringido la negociación debe realizarse antes de seleccionar a los candidatos y en la licitación con negociación después.","En la licitación con negociación no pueden modificarse los aspectos económicos o técnicos inicialmente previstos, mientras que en el procedimiento restringido pueden negociarse siempre que todos los candidatos reciban el mismo trato.","1","El artículo 160.3 prohíbe toda negociación de los términos del contrato en el procedimiento restringido. En cambio, el artículo 166.1 establece que en los procedimientos con negociación la adjudicación se produce tras negociar las condiciones del contrato con uno o varios candidatos, y el apartado 2 prevé que los pliegos determinen los aspectos económicos y técnicos que, en su caso, serán objeto de negociación."
"👑 En un procedimiento de licitación con negociación, ¿qué ocurre con los elementos de la prestación que constituyen los requisitos mínimos establecidos en los pliegos?","Deben ser cumplidos por todas las ofertas y no constituyen aspectos susceptibles de negociación.","Pueden modificarse durante la negociación siempre que todos los licitadores reciban la misma información.","Solo deben ser cumplidos por el adjudicatario final después de concluir la negociación.","Pueden excluirse de la negociación inicialmente, pero deben someterse a negociación si participan menos de tres candidatos.","1","El artículo 166.2 establece que los pliegos deben determinar los elementos de la prestación que constituyen los requisitos mínimos que han de cumplir todas las ofertas. Por tanto, estos requisitos mínimos se diferencian de los aspectos económicos y técnicos que, en su caso, sean objeto de negociación."
"Cuando se utiliza la licitación con negociación, ¿debe publicarse siempre un anuncio de licitación?","Sí","No, nunca","Solo cuando el contrato sea SARA","Solo cuando se invite a más de tres candidatos","1","El artículo 169.1 establece expresamente que cuando se acuda a la licitación con negociación por concurrir las circunstancias del artículo 167, el órgano de contratación deberá publicar en todo caso un anuncio de licitación. :contentReference[oaicite:18]{index=18}"
"¿Qué normas del procedimiento restringido se aplican a la tramitación de la licitación con negociación?","Las del artículo 160.1 y las de los artículos 161, 162, 163 y 164.1, con las especialidades previstas en el artículo 169","Únicamente las relativas a los plazos del procedimiento restringido","Todas las normas del procedimiento restringido sin excepción","Las normas de los contratos menores","1","El artículo 169.2 remite expresamente a esas normas del procedimiento restringido. :contentReference[oaicite:19]{index=19}"
"Si en una licitación con negociación se limita el número de empresas invitadas a negociar, ¿cuál es el número mínimo de candidatos invitados?","Tres","Cinco","Dos","Diez","1","El artículo 169.2 establece un mínimo de tres candidatos cuando se decide limitar el número de empresas invitadas a negociar. :contentReference[oaicite:20]{index=20}"
"Cuando en una licitación con negociación el órgano de contratación decide limitar el número de candidatos a los que invitará a negociar, ¿cuál es el número mínimo de candidatos que debe invitar conforme al artículo 169.2 de la LCSP?","Tres candidatos.","Cinco candidatos.","Tres candidatos, salvo que el contrato esté sujeto a regulación armonizada, en cuyo caso serán cinco.","Cinco candidatos, salvo que el órgano de contratación justifique expresamente que son suficientes tres.","1","El artículo 169.2 de la Ley 9/2017 establece que, cuando el órgano de contratación decida limitar el número de candidatos a los que se invitará a negociar, el número mínimo de candidatos invitados será de tres. Si el número de candidatos que cumplen los criterios de selección es inferior a tres, el procedimiento podrá continuar con los que reúnan las condiciones exigidas."
"En una licitación con negociación, el órgano de contratación ha decidido limitar el número de candidatos invitados a negociar, pero únicamente dos candidatos cumplen los criterios de selección. ¿Qué permite el artículo 169.2 de la LCSP?","Continuar el procedimiento invitando a los dos candidatos que reúnen las condiciones exigidas, aunque sean menos de los tres que constituyen el mínimo general.","Declarar necesariamente desierto el procedimiento, al no alcanzarse el número mínimo de tres candidatos.","Invitar obligatoriamente a un tercer candidato que no cumpla los criterios de selección para alcanzar el mínimo legal.","Ampliar automáticamente el plazo de presentación de solicitudes hasta que se alcance necesariamente un mínimo de tres candidatos.","1","El artículo 169.2 establece un número mínimo de tres candidatos cuando se limita el número de invitados a negociar, pero permite continuar el procedimiento cuando el número de candidatos que cumplen los criterios de selección sea inferior a tres."
"Si en una licitación con negociación hay menos de tres candidatos que cumplen los criterios de selección, ¿puede continuar el procedimiento?","Sí, puede continuar con los candidatos que reúnan las condiciones exigidas","No, debe declararse necesariamente desierto","Sí, pero deben incorporarse empresarios que no solicitaron participar","No, salvo autorización de la Junta Consultiva","1","El artículo 169.2 permite continuar con los candidatos que cumplen las condiciones aunque sean menos de tres, pero prohíbe invitar a empresarios que no hayan solicitado participar o que no reúnan las condiciones. :contentReference[oaicite:21]{index=21}"
"¿Puede desarrollarse la licitación con negociación en fases sucesivas?","Sí, para reducir progresivamente el número de ofertas a negociar mediante los criterios de adjudicación establecidos","No, la negociación debe realizarse siempre en una única fase","Sí, pero solo cuando participen más de diez candidatos","Solo en contratos de obras","1","El artículo 169.3 permite articular el procedimiento en fases sucesivas para reducir progresivamente las ofertas a negociar, aplicando los criterios de adjudicación indicados en el anuncio o pliego. :contentReference[oaicite:22]{index=22}"
"¿Debe indicarse previamente que se utilizarán fases sucesivas en una licitación con negociación?","Sí, debe indicarse en el anuncio de licitación o en el pliego de cláusulas administrativas particulares","No, puede decidirse durante la negociación","Solo debe comunicarse a los candidatos que lleguen a la segunda fase","Únicamente debe aparecer en la resolución de adjudicación","1","El artículo 169.3 exige indicar en el anuncio o en el PCAP si se va a utilizar la facultad de desarrollar el procedimiento en fases sucesivas. :contentReference[oaicite:23]{index=23}"
"⭐⭐⭐ ¿Qué debe garantizarse respecto del número de soluciones que lleguen a la fase final de una licitación con negociación por fases?","Debe ser suficientemente amplio para garantizar una competencia efectiva, cuando exista un número suficiente de soluciones o candidatos adecuados","Debe ser exactamente de tres","Debe ser siempre de cinco","Debe quedar reducido necesariamente a una única oferta","1","El artículo 169.3 exige que el número de soluciones que lleguen a la fase final sea suficientemente amplio para garantizar una competencia efectiva, siempre que haya suficientes soluciones o candidatos adecuados."
"En un procedimiento de licitación con negociación articulado en fases sucesivas, ¿qué regla establece el artículo 169.3 de la Ley 9/2017 respecto del número de soluciones que llegan a la fase final?","Debe ser suficientemente amplio para garantizar una competencia efectiva, siempre que se haya presentado un número suficiente de soluciones o candidatos adecuados","Debe ser como mínimo de tres, coincidiendo con el número mínimo de candidatos que deben ser invitados a negociar","Debe ser exactamente de tres, salvo que el órgano de contratación justifique expresamente la necesidad de reducirlo a una única solución","Debe comprender a todos los candidatos que hayan presentado una solución adecuada, sin que puedan eliminarse soluciones durante las fases sucesivas","1","El artículo 169.3 permite articular el procedimiento en fases sucesivas para reducir progresivamente el número de ofertas a negociar. Sin embargo, exige que el número de soluciones que lleguen a la fase final sea suficientemente amplio para garantizar una competencia efectiva, siempre que se haya presentado un número suficiente de soluciones o candidatos adecuados. El número mínimo de tres del artículo 169.2 se refiere a los candidatos invitados a negociar cuando se limita su número, no a las soluciones que deben llegar a la fase final."
"¿Qué principio deben respetar las mesas y órganos de contratación durante la negociación?","La igualdad de trato entre todos los licitadores","La preferencia por el licitador que haya presentado la oferta inicial más económica","La confidencialidad absoluta de toda información frente a todos los participantes","La negociación individual con criterios distintos para cada licitador","1","El artículo 169.4 obliga a las mesas y órganos de contratación a velar por que todos los licitadores reciban igual trato. :contentReference[oaicite:25]{index=25}"
"¿Pueden los órganos de contratación facilitar a un licitador información que le otorgue una ventaja respecto de los demás?","No, no pueden facilitar información de forma discriminatoria que otorgue ventajas a determinados licitadores","Sí, cuando la información proceda de otro licitador","Sí, siempre que no afecte al precio","Sí, cuando el licitador tenga mayor solvencia","1","El artículo 169.4 prohíbe expresamente facilitar de forma discriminatoria información que pueda proporcionar ventajas a determinados licitadores frente al resto. :contentReference[oaicite:26]{index=26}"
"Si durante la negociación se modifican especificaciones técnicas que no constituyan requisitos mínimos, ¿qué debe hacer el órgano de contratación?","Informar por escrito a todos los licitadores cuyas ofertas no hayan sido excluidas y darles tiempo suficiente para presentar una oferta revisada","Comunicar el cambio únicamente al licitador que lo haya solicitado","Modificar el pliego sin informar a los demás licitadores","Excluir las ofertas que no se adapten inmediatamente al cambio","1","El artículo 169.4 exige informar por escrito a todos los licitadores cuyas ofertas no hayan sido excluidas y concederles tiempo suficiente para presentar una nueva oferta revisada. :contentReference[oaicite:27]{index=27}"
"⭐⭐⭐ ¿Qué ofertas pueden ser objeto de negociación en la licitación con negociación?","Las ofertas iniciales y todas las ofertas ulteriores, salvo las ofertas definitivas","Únicamente las ofertas definitivas","Solo la primera oferta presentada por cada licitador","Únicamente las ofertas económicas","1","El artículo 169.5 establece que se negocian las ofertas iniciales y todas las ulteriores, con excepción de las ofertas definitivas previstas en el apartado 8."
"👑 En el procedimiento de licitación con negociación regulado en el artículo 169 de la Ley 9/2017, ¿cuál de las siguientes afirmaciones es correcta?","Pueden negociarse las ofertas iniciales y todas las ofertas ulteriores, excepto las ofertas definitivas, pero no pueden ser objeto de negociación ni los requisitos mínimos de la prestación ni los criterios de adjudicación.","Pueden negociarse las ofertas iniciales y todas las ofertas ulteriores, incluidas las ofertas definitivas, pero no pueden modificarse durante la negociación los requisitos mínimos de la prestación.","Solo pueden negociarse las ofertas iniciales, correspondiendo a las ofertas definitivas la incorporación de las modificaciones acordadas durante la negociación, incluidos los criterios de adjudicación.","Pueden negociarse las ofertas iniciales y ulteriores, incluidos los requisitos mínimos de la prestación, pero los criterios de adjudicación deben permanecer necesariamente inalterados durante toda la negociación.","1","El artículo 169.5 establece que los órganos de contratación negociarán con los licitadores las ofertas iniciales y todas las ofertas ulteriores presentadas, excepto las ofertas definitivas a que se refiere el apartado 8. El mismo precepto establece expresamente que no se negociarán los requisitos mínimos de la prestación objeto del contrato ni los criterios de adjudicación."
"¿Cuál es la finalidad de negociar las ofertas iniciales y ulteriores?","Mejorar su contenido y adaptarlas a los requisitos del pliego y de la contratación para identificar la mejor oferta","Permitir modificar los requisitos mínimos del contrato","Modificar libremente los criterios de adjudicación","Seleccionar a los candidatos que pasarán a la fase de solicitud de participación","1","El artículo 169.5 señala que la negociación tiene como finalidad mejorar el contenido de las ofertas y adaptarlas a los requisitos establecidos para identificar la mejor oferta conforme al artículo 145. :contentReference[oaicite:29]{index=29}"
"¿Qué elementos no pueden ser objeto de negociación?","Los requisitos mínimos de la prestación y los criterios de adjudicación","El precio y las condiciones económicas","Las características técnicas no esenciales","Las ofertas iniciales","1","El artículo 169.5 excluye expresamente de la negociación los requisitos mínimos de la prestación y los criterios de adjudicación. :contentReference[oaicite:30]{index=30}"
"¿Qué debe constar en el expediente durante una licitación con negociación?","Las invitaciones cursadas, las ofertas recibidas, las razones de aceptación o rechazo y las ventajas obtenidas en la negociación","Únicamente las ofertas definitivas","Solo las razones por las que se seleccionó al adjudicatario","Las conversaciones completas mantenidas verbalmente con cada licitador","1","El artículo 169.6 exige dejar constancia en el expediente de esos cuatro elementos. :contentReference[oaicite:31]{index=31}"
"⭐⭐⭐ ¿Puede revelarse a los demás participantes información confidencial comunicada por un licitador durante la negociación?","No, salvo consentimiento previo y específico del licitador que comunicó la información","Sí, siempre que se considere relevante para la adjudicación","Sí, si la información afecta al precio","Sí, cuando lo solicite otro candidato","1","El artículo 169.7 obliga a respetar la confidencialidad y prohíbe revelar esos datos sin consentimiento previo. Además, el consentimiento no puede ser general, sino que debe especificar la información a la que se refiere."
"👑 ¿En qué condiciones puede revelarse a los demás participantes información confidencial comunicada por un candidato o licitador durante la negociación, conforme al artículo 169.7 de la Ley 9/2017?","Únicamente cuando exista consentimiento previo y específico del candidato o licitador que haya comunicado dicha información","Cuando el órgano de contratación considere que su conocimiento resulta necesario para garantizar la igualdad entre los participantes","Cuando la información se refiera a elementos económicos de la oferta y resulte relevante para determinar la mejor relación calidad-precio","Cuando otro candidato o licitador solicite expresamente su comunicación durante el desarrollo de la negociación","1","El artículo 169.7 de la Ley 9/2017 establece que los órganos de contratación no podrán revelar a los demás participantes los datos designados como confidenciales que hayan sido comunicados por un candidato o licitador sin su consentimiento previo y específico. El consentimiento debe referirse a la información concreta cuya revelación se autoriza."
"¿Puede el consentimiento para revelar información confidencial tener carácter general?","No, debe especificar a qué información se refiere","Sí, si se presta por escrito al inicio del procedimiento","Sí, cuando lo otorgue el representante legal de la empresa","Sí, siempre que el órgano de contratación lo considere necesario","1","El artículo 169.7 establece expresamente que el consentimiento no puede tener carácter general y debe especificar la información a la que se refiere. :contentReference[oaicite:33]{index=33}"
"⭐⭐⭐ ¿Qué ocurre cuando el órgano de contratación decide concluir las negociaciones?","Informa a todos los licitadores y establece un plazo común para presentar ofertas nuevas o revisadas","Adjudica directamente el contrato a la mejor oferta inicial","Solicita una nueva garantía definitiva","Invita únicamente al candidato mejor valorado a presentar una oferta definitiva","1","El artículo 169.8 establece que, al concluir las negociaciones, se informa a todos los licitadores y se establece un plazo común para presentar ofertas nuevas o revisadas. :contentReference[oaicite:34]{index=34}"
"Una vez que el órgano de contratación concluye las negociaciones conforme al artículo 169.8 de la Ley 9/2017, ¿cuál es la secuencia correcta de actuaciones?","Informar a todos los licitadores y establecer un plazo común para nuevas o revisadas ofertas → la mesa verifica las ofertas definitivas y su adecuación a los requisitos mínimos → las valora conforme a los criterios de adjudicación → eleva la propuesta → el órgano de contratación adjudica.","Informar a todos los licitadores → el órgano de contratación adjudica directamente → la mesa verifica posteriormente las ofertas definitivas y propone su clasificación.","Establecer un plazo individual para cada licitador → la mesa negocia nuevamente las ofertas → el órgano de contratación selecciona la mejor oferta inicial → se solicita la garantía definitiva.","Informar únicamente a los licitadores que continúan en la negociación → la mesa adjudica las ofertas definitivas → el órgano de contratación verifica los requisitos mínimos y formaliza el contrato.","1","El artículo 169.8 establece una secuencia concreta: concluida la negociación, el órgano de contratación informa a todos los licitadores y fija un plazo común para nuevas o revisadas ofertas. Después, la mesa verifica que las ofertas definitivas cumplen los requisitos mínimos y el pliego, las valora según los criterios de adjudicación y eleva la propuesta; finalmente, el órgano de contratación adjudica el contrato."
"¿Qué debe comprobar la mesa de contratación una vez presentadas las ofertas definitivas?","Que se ajustan a los requisitos mínimos y cumplen los requisitos del pliego, para posteriormente valorarlas conforme a los criterios de adjudicación","Únicamente que sean inferiores al presupuesto base de licitación","Que contienen mejoras no previstas en el pliego","Que el licitador ha aceptado negociar nuevamente","1","El artículo 169.8 atribuye a la mesa la verificación de que las ofertas definitivas se ajustan a los requisitos mínimos y cumplen el pliego; después las valora conforme a los criterios de adjudicación. :contentReference[oaicite:35]{index=35}"
"¿Qué procedimiento se utiliza sin publicación previa de un anuncio de licitación?","El procedimiento negociado sin publicidad","La licitación con negociación","El procedimiento restringido","El procedimiento abierto simplificado","1","El artículo 168 regula específicamente el procedimiento negociado sin publicidad, que constituye la excepción a la regla general de publicidad de los procedimientos con negociación. :contentReference[oaicite:36]{index=36}"
"¿Cuándo puede utilizarse el procedimiento negociado sin publicidad por ausencia de ofertas o solicitudes adecuadas?","Cuando no se haya presentado ninguna oferta, ninguna oferta adecuada, ninguna solicitud de participación o ninguna solicitud adecuada en respuesta a un procedimiento abierto o restringido, siempre que no se modifiquen sustancialmente las condiciones iniciales","Cuando se haya presentado una única oferta económicamente baja","Cuando cualquier licitador solicite negociar directamente","Cuando un procedimiento abierto haya recibido menos de cinco ofertas","1","El artículo 168.a.1 permite utilizar el negociado sin publicidad en esos supuestos, pero exige que las condiciones iniciales no se modifiquen sustancialmente. Además, no puede incrementarse el PBL ni modificarse el sistema de retribución. :contentReference[oaicite:37]{index=37}"
"En el supuesto del artículo 168.a.1, ¿puede incrementarse el presupuesto base de licitación al acudir al negociado sin publicidad?","No","Sí, hasta un 10 por ciento","Sí, cuando la licitación anterior haya quedado desierta","Sí, si lo aprueba el órgano de contratación","1","El artículo 168.a.1 prohíbe expresamente incrementar el presupuesto base de licitación al utilizar este supuesto de negociado sin publicidad. :contentReference[oaicite:38]{index=38}"
"¿Cuándo se considera que una oferta no es adecuada a efectos del artículo 168?","Cuando no sea pertinente para el contrato por resultar manifiestamente insuficiente para satisfacer, sin cambios sustanciales, las necesidades y requisitos establecidos en los pliegos","Cuando su precio sea inferior al presupuesto base de licitación","Cuando haya sido presentada por una pequeña empresa","Cuando contenga cualquier error formal","1","El artículo 168.a.1 define como no adecuada la oferta manifiestamente insuficiente para satisfacer, sin cambios sustanciales, las necesidades y requisitos del órgano de contratación especificados en los pliegos. :contentReference[oaicite:39]{index=39}"
"¿Cuándo se considera que una solicitud de participación no es adecuada?","Cuando el empresario deba ser o pueda ser excluido por los motivos legales o no satisfaga los criterios de selección establecidos","Cuando el empresario haya presentado una oferta económica baja","Cuando el empresario solicite información adicional","Cuando la solicitud se presente por medios electrónicos","1","El artículo 168.a.1 considera inadecuada la solicitud cuando el empresario deba ser o pueda ser excluido por los motivos legales o no satisfaga los criterios de selección establecidos. :contentReference[oaicite:40]{index=40}"
"¿Puede utilizarse el procedimiento negociado sin publicidad cuando las obras, suministros o servicios solo puedan ser encomendados a un empresario determinado?","Sí, cuando concurra alguno de los motivos legalmente establecidos, como una obra de arte única, ausencia de competencia por razones técnicas o protección de derechos exclusivos","Sí, siempre que el empresario sea el que tenga mayor cuota de mercado","No, porque la exclusividad solo permite un contrato menor","Sí, siempre que el contrato sea inferior a 40.000 euros","1","El artículo 168.a.2 permite acudir al negociado sin publicidad cuando solo pueda encomendarse a un empresario determinado por las razones legalmente previstas: obra de arte única o actuación artística única, inexistencia de competencia por razones técnicas o protección de derechos exclusivos, incluidos los de propiedad intelectual e industrial. :contentReference[oaicite:41]{index=41}"
"¿Puede justificarse el procedimiento negociado sin publicidad por exclusividad simplemente porque un empresario sea el proveedor habitual de la Administración?","No, debe concurrir alguna de las causas de exclusividad legalmente previstas","Sí, si la Administración está satisfecha con el servicio anterior","Sí, cuando el contrato sea de suministro","Sí, si el proveedor presenta el precio más bajo","1","La mera condición de proveedor habitual no constituye por sí misma una causa de exclusividad del artículo 168.a.2. Debe concurrir alguna de las circunstancias legalmente previstas."
"En el supuesto de exclusividad por razones técnicas del artículo 168, ¿qué debe concurrir para justificar el recurso al negociado sin publicidad?","Que no exista una alternativa o sustituto razonable y que la ausencia de competencia no sea consecuencia de una restricción artificial de los parámetros de contratación","Que el empresario sea el único que haya contratado anteriormente con la Administración","Que el precio del empresario sea inferior al presupuesto disponible","Que el órgano de contratación prefiera mantener el proveedor actual","1","La exclusividad por razones técnicas exige justificar que no existe una alternativa o sustituto razonable y que la ausencia de competencia no deriva de una restricción artificial de los parámetros de contratación."
"En los contratos de suministro, ¿puede utilizarse el procedimiento negociado sin publicidad para entregas adicionales del proveedor inicial?","Sí, cuando se trate de reposiciones parciales o ampliaciones de suministros existentes y el cambio de proveedor genere incompatibilidades o dificultades técnicas desproporcionadas","No, nunca puede utilizarse para suministros adicionales","Sí, siempre que el contrato inicial fuera menor","Solo cuando el proveedor inicial sea una Administración Pública","1","El artículo 168.c.2 contempla las entregas adicionales del proveedor inicial en los supuestos de reposición o ampliación cuando el cambio de proveedor provoque incompatibilidades o dificultades técnicas de uso y mantenimiento desproporcionadas. La duración no podrá, por regla general, superar tres años. :contentReference[oaicite:42]{index=42}"
"¿Cuál es, como regla general, la duración máxima de los contratos de entregas adicionales del artículo 168.c.2?","Tres años","Un año","Cinco años","Cuatro años","1","El artículo 168.c.2 establece que la duración de esos contratos no podrá, por regla general, ser superior a tres años. :contentReference[oaicite:43]{index=43}"
"¿Puede utilizarse el negociado sin publicidad para adquirir suministros que coticen en mercados organizados o bolsas de materias primas?","Sí","No, únicamente puede utilizarse para suministros exclusivos","Solo cuando no exista un procedimiento abierto anterior","Solo si el suministro procede de otro Estado miembro","1","El artículo 168.c.3 contempla expresamente la adquisición en mercados organizados o bolsas de materias primas de suministros que coticen en ellos. :contentReference[oaicite:44]{index=44}"
"¿Puede utilizarse el procedimiento negociado sin publicidad en un contrato de servicios consecuencia de un concurso de proyectos?","Sí, cuando deba adjudicarse al ganador conforme a las normas aplicables; si existen varios ganadores, deben ser invitados todos a participar en las negociaciones","No, los servicios derivados de concursos de proyectos deben adjudicarse siempre mediante procedimiento abierto","Sí, pero solo puede invitarse al ganador con mayor puntuación","Sí, únicamente si el concurso no tuvo publicidad","1","El artículo 168.d permite este supuesto y establece que, si existen varios ganadores, todos deben ser invitados a participar en las negociaciones. :contentReference[oaicite:45]{index=45}"
"¿Cuándo pueden utilizarse procedimientos negociados sin publicidad para repetir obras o servicios similares?","Cuando concurran todos los requisitos legales, incluida la previsión en el anuncio inicial, la inclusión del importe en el valor estimado y que no hayan transcurrido más de tres años desde el contrato inicial","Siempre que el nuevo contrato se celebre con el mismo contratista","Cuando hayan transcurrido menos de cinco años","Siempre que la Administración considere que la prestación es similar","1","El artículo 168.e exige, entre otros requisitos, que las nuevas obras o servicios se ajusten a un proyecto base del contrato inicial, que la posibilidad estuviera indicada en el anuncio inicial, que su importe se hubiera tenido en cuenta en el valor estimado y que no hayan transcurrido más de tres años. :contentReference[oaicite:46]{index=46}"
"¿Dónde debe mencionarse el número de posibles obras o servicios adicionales y las condiciones de su adjudicación en el supuesto de repetición del artículo 168.e?","En el proyecto base","En la resolución de adjudicación del nuevo contrato","En la factura del contrato inicial","En la invitación enviada al contratista","1","El artículo 168.e exige que el proyecto base mencione necesariamente el número de posibles obras o servicios adicionales y las condiciones en que serán adjudicados. :contentReference[oaicite:47]{index=47}"
"¿Qué diferencia esencial existe entre la licitación con negociación y el negociado sin publicidad?","La licitación con negociación requiere anuncio de licitación; el negociado sin publicidad se utiliza excepcionalmente sin publicación previa en los supuestos del artículo 168","Ambos requieren siempre anuncio de licitación","La licitación con negociación no permite negociar y el negociado sin publicidad sí","El negociado sin publicidad solo puede utilizarse para contratos menores","1","El artículo 169.1 exige anuncio de licitación en la licitación con negociación, mientras que el artículo 170 exceptúa al negociado sin publicidad de la publicidad previa. :contentReference[oaicite:48]{index=48} :contentReference[oaicite:49]{index=49}"
"¿Qué normas regulan, en lo que resulte aplicable, la tramitación del procedimiento negociado sin publicidad?","Las normas del artículo 169, teniendo en cuenta el número de participantes y con excepción de la publicidad previa","Las normas del procedimiento abierto simplificado","Exclusivamente las normas de los contratos menores","Las normas del procedimiento restringido sin ninguna adaptación","1","El artículo 170.1 dispone que el negociado sin publicidad se tramitará conforme a las normas del artículo 169 en todo lo que resulte aplicable según el número de participantes, salvo lo relativo a la publicidad previa. :contentReference[oaicite:50]{index=50}"
"Si en un procedimiento negociado sin publicidad participa un único candidato, ¿debe negociarse con él?","Sí, siempre que sea posible, la mesa o, en su defecto, el órgano de contratación deberá negociar con él","No, porque un único candidato impide toda negociación","Solo si el contrato es de obras","Solo si el candidato lo solicita expresamente","1","El artículo 170.2 establece que, cuando participe un único candidato, la mesa de contratación o, en su defecto, el órgano de contratación deberá negociar con él siempre que sea posible. :contentReference[oaicite:51]{index=51}"
"¿Quién puede solicitar información sobre el desarrollo de las negociaciones?","El licitador que haya presentado una oferta admisible","Cualquier empresario que haya consultado el anuncio","Solo el adjudicatario","Únicamente los candidatos excluidos","1","El artículo 171 reconoce este derecho al licitador que haya presentado una oferta admisible. :contentReference[oaicite:52]{index=52}"
"¿En qué plazo debe comunicarse, como máximo, la información solicitada sobre el desarrollo de las negociaciones?","Dentro de los quince días siguientes a la recepción de la solicitud escrita","Dentro de cinco días hábiles","Dentro de treinta días naturales","Dentro de diez días desde la adjudicación","1","El artículo 171 establece que la información debe comunicarse lo antes posible y, en todo caso, dentro de los quince días siguientes a la recepción de la solicitud por escrito. :contentReference[oaicite:53]{index=53}"
"¿Puede denegarse determinada información sobre las negociaciones solicitada por un licitador?","Sí, cuando resulte aplicable la excepción de confidencialidad prevista en el artículo 155.3","No, el derecho de información es absoluto","Sí, pero únicamente cuando el contrato sea menor","Solo si lo solicita el adjudicatario","1","El artículo 171 permite no comunicar determinados datos cuando pueda ampararse la excepción de confidencialidad del artículo 155.3. :contentReference[oaicite:54]{index=54}"
"¿Cuál de las siguientes secuencias refleja correctamente la licitación con negociación?","Anuncio → solicitudes de participación → selección de candidatos → invitación → ofertas → negociación → ofertas definitivas → valoración y adjudicación","Anuncio → adjudicación → negociación → ofertas definitivas","Solicitud de participación → adjudicación directa → negociación → formalización","Anuncio → ofertas definitivas → selección de candidatos → negociación → adjudicación","1","La estructura deriva de los artículos 166 y 169: se publica el anuncio, se reciben solicitudes, se seleccionan candidatos, se les invita a ofertar, se negocian las ofertas y finalmente se presentan las ofertas definitivas que son valoradas y adjudicadas. :contentReference[oaicite:55]{index=55}"
"¿Cuál de las siguientes combinaciones es correcta respecto de los números mínimos de candidatos?","Procedimiento restringido: 5; licitación con negociación cuando se limita el número: 3","Procedimiento restringido: 3; licitación con negociación: 5","Procedimiento restringido: 5; licitación con negociación: 5","Procedimiento restringido: 3; licitación con negociación: 3","1","El procedimiento restringido exige un mínimo de cinco candidatos cuando se limita el número, mientras que el artículo 169.2 establece un mínimo de tres en la licitación con negociación. :contentReference[oaicite:56]{index=56}"
"¿Cuál de las siguientes afirmaciones es correcta respecto de los requisitos mínimos y los criterios de adjudicación en una licitación con negociación?","Ambos deben estar previamente definidos y ninguno puede ser objeto de negociación","Solo los requisitos mínimos deben estar definidos; los criterios pueden modificarse durante la negociación","Los criterios de adjudicación pueden negociarse, pero los requisitos mínimos no","Los requisitos mínimos pueden negociarse, pero los criterios de adjudicación deben permanecer secretos","1","El artículo 166 exige que los requisitos mínimos y criterios de adjudicación estén definidos previamente, y el artículo 169.5 prohíbe negociar ambos. :contentReference[oaicite:57]{index=57} :contentReference[oaicite:58]{index=58}"
"¿Qué relación existe entre los artículos 167 y 168 de la LCSP?","El artículo 167 regula los supuestos de licitación con negociación y el artículo 168 los supuestos de procedimiento negociado sin publicidad","Ambos regulan exclusivamente el procedimiento restringido","El artículo 167 regula los contratos menores y el 168 la emergencia","El artículo 167 regula la adjudicación y el 168 la formalización","1","El artículo 167 enumera los supuestos que permiten la licitación con negociación, mientras que el artículo 168 establece los supuestos tasados del procedimiento negociado sin publicidad. :contentReference[oaicite:59]{index=59}"
"¿Qué ocurre si durante una licitación con negociación el órgano de contratación decide concluir la negociación?","Debe informar a todos los licitadores y establecer un plazo común para que presenten sus ofertas nuevas o revisadas","Debe elegir directamente la mejor oferta inicial","Debe iniciar un nuevo procedimiento abierto","Debe negociar exclusivamente con el licitador mejor valorado","1","El artículo 169.8 exige informar a todos los licitadores y establecer un plazo común para presentar ofertas nuevas o revisadas antes de la valoración y adjudicación. :contentReference[oaicite:60]{index=60}"
"¿Qué elemento no puede confundirse entre una licitación con negociación y un procedimiento negociado sin publicidad?","La primera exige anuncio de licitación y el segundo carece de publicación previa del anuncio","Ambos permiten negociar las ofertas","Ambos se encuentran regulados en los artículos 166 a 171","Ambos requieren justificar la utilización del procedimiento","1","La diferencia de publicidad es esencial: el artículo 169.1 exige anuncio en la licitación con negociación, mientras que el artículo 170 exceptúa al negociado sin publicidad de la publicidad previa. :contentReference[oaicite:61]{index=61} :contentReference[oaicite:62]{index=62}"
"En el procedimiento negociado sin publicidad por exclusividad, ¿qué documento resulta especialmente relevante para acreditar la situación de exclusividad en la contratación de la UC3M?","El certificado de exclusividad de la empresa","El certificado de clasificación empresarial de la empresa","El certificado de inscripción en el Registro Mercantil","El certificado de solvencia económica emitido por una entidad bancaria","1","Las Normas de ejecución del Presupuesto 2026 de la UC3M señalan expresamente que, en el supuesto de exclusividad, debe acompañarse un certificado de exclusividad de la empresa. :contentReference[oaicite:63]{index=63}"
"En la UC3M, ¿qué documentación debe acompañar a una propuesta de contratación por procedimiento negociado?","Los informes señalados para cada caso y un borrador del Pliego Técnico","Únicamente una memoria económica","El contrato ya formalizado y la factura","La oferta definitiva del adjudicatario y la garantía definitiva","1","Las Normas de ejecución 2026 de la UC3M establecen que debe enviarse a la DEF-Contratación una propuesta de contratación por procedimiento negociado acompañada de los informes correspondientes y de un borrador del Pliego Técnico. :contentReference[oaicite:64]{index=64}"
"⭐⭐⭐ En la UC3M, ¿dónde se publican la adjudicación y formalización de los contratos negociados sin publicidad?","En el Perfil de contratante de la Universidad, con independencia de su importe","Únicamente en el Diario Oficial de la Unión Europea","Solo en el BOE","Exclusivamente en la Sede Electrónica de la Universidad","1","Las Normas de ejecución del Presupuesto 2026 de la UC3M establecen que, en el procedimiento negociado sin publicidad, la adjudicación y formalización se publicarán en todos los casos, con independencia de su importe, en el Perfil de contratante de la Universidad. Además, cuando el contrato esté sujeto a regulación armonizada, es obligatoria la publicación de su formalización en el Diario Oficial de la Unión Europea."
"👑 En el procedimiento negociado sin publicidad de la UC3M, ¿cuál de las siguientes afirmaciones sobre la publicidad de los contratos es correcta conforme a las Normas de ejecución del Presupuesto 2026?","La adjudicación y formalización se publican en todos los casos en el Perfil de contratante y, si el contrato está sujeto a regulación armonizada, su formalización también debe publicarse en el Diario Oficial de la Unión Europea.","La licitación, adjudicación y formalización se publican en todos los casos en el Perfil de contratante y la licitación debe publicarse además en el Diario Oficial de la Unión Europea cuando el contrato esté sujeto a regulación armonizada.","La adjudicación se publica únicamente cuando el contrato supera el umbral de regulación armonizada y la formalización se publica siempre en el Diario Oficial de la Unión Europea.","La adjudicación y formalización se publican exclusivamente en el Perfil de contratante, sin que la sujeción a regulación armonizada determine ninguna obligación adicional de publicidad.","1","Las Normas de ejecución del Presupuesto 2026 establecen, para el procedimiento negociado sin publicidad, que la adjudicación y formalización se publicarán en todos los casos y con independencia de su importe en el Perfil de contratante de la Universidad. Además, en los contratos sujetos a regulación armonizada es igualmente obligatoria la publicación de su formalización en el Diario Oficial de la Unión Europea."
"En los contratos negociados sin publicidad de la UC3M sujetos a regulación armonizada, ¿qué publicidad adicional se exige?","La publicación de la formalización en el Diario Oficial de la Unión Europea","La publicación de la invitación a negociar en el BOE","La publicación de la adjudicación en el DOUE y en el BOE","La publicación de todas las ofertas en el DOUE","1","Las Normas de ejecución 2026 establecen que, cuando por su cuantía estén sujetos a regulación armonizada, también es obligatoria la publicación de su formalización en el Diario Oficial de la Unión Europea."
"¿Cuál de las siguientes asociaciones entre procedimiento y posibilidad de negociación es correcta?","Procedimiento abierto → no puede negociarse; procedimiento restringido → no puede negociarse; licitación con negociación → sí puede negociarse; negociado sin publicidad → sí puede negociarse","Procedimiento abierto → sí puede negociarse; procedimiento restringido → no puede negociarse; licitación con negociación → no puede negociarse; negociado sin publicidad → sí puede negociarse","Procedimiento abierto → no puede negociarse; procedimiento restringido → sí puede negociarse; licitación con negociación → sí puede negociarse; negociado sin publicidad → no puede negociarse","Procedimiento abierto → sí puede negociarse; procedimiento restringido → sí puede negociarse; licitación con negociación → sí puede negociarse; negociado sin publicidad → no puede negociarse","1","La negociación está prohibida tanto en el procedimiento abierto como en el restringido. En cambio, constituye precisamente el elemento característico de la licitación con negociación y del procedimiento negociado sin publicidad. La licitación con negociación se regula en los arts. 166 y siguientes, mientras que el negociado sin publicidad se contempla en el art. 168. :contentReference[oaicite:3]{index=3}"
"¿Cuál de los siguientes procedimientos permite que cualquier empresario interesado presente directamente una proposición, sin una fase previa de selección de candidatos?","El procedimiento abierto","El procedimiento restringido","La licitación con negociación cuando se limite el número de candidatos","El procedimiento negociado sin publicidad cuando exista exclusividad","1","La característica esencial del procedimiento abierto es que cualquier empresario interesado puede presentar una proposición. En el restringido y en la licitación con negociación existe una fase previa de selección cuando se limita el número de candidatos. :contentReference[oaicite:4]{index=4}"
"¿Cuál de las siguientes combinaciones respecto de la selección previa de candidatos es correcta?","Abierto: no existe selección previa; restringido: mínimo 5 candidatos si se limita el número; licitación con negociación: mínimo 3 si se limita el número","Abierto: mínimo 3 candidatos; restringido: mínimo 3; licitación con negociación: mínimo 5","Abierto: mínimo 5; restringido: mínimo 5; licitación con negociación: mínimo 3","Abierto: no existe selección previa; restringido: mínimo 3; licitación con negociación: mínimo 5","1","El procedimiento abierto no tiene una fase previa de selección. En el restringido, si se limita el número, el mínimo es de cinco candidatos; en la licitación con negociación, el mínimo es de tres. :contentReference[oaicite:5]{index=5}"
"¿Qué procedimiento puede continuar con menos candidatos que el mínimo legal cuando no existan suficientes candidatos que cumplan las condiciones exigidas?","El procedimiento restringido y la licitación con negociación, pero sin poder invitar a empresarios que no hayan solicitado participar o que no reúnan las condiciones","Únicamente el procedimiento abierto","Únicamente el procedimiento negociado sin publicidad","Ninguno de los procedimientos, porque el número mínimo es siempre obligatorio","1","Tanto el art. 162.2 para el restringido como el art. 169.2 para la licitación con negociación permiten continuar con los candidatos que reúnan las condiciones cuando sean menos del mínimo, pero impiden introducir candidatos nuevos que no hayan solicitado participar o que no cumplan las condiciones. :contentReference[oaicite:6]{index=6}"
"¿Cuál de los siguientes procedimientos exige necesariamente la publicación de un anuncio de licitación cuando se acude a él por sus supuestos ordinarios de aplicación?","La licitación con negociación","El procedimiento negociado sin publicidad","El procedimiento restringido únicamente cuando sea SARA","El contrato menor","1","El art. 169.1 establece que, cuando se acuda a la licitación con negociación por las circunstancias del art. 167, el órgano de contratación debe publicar en todo caso un anuncio de licitación. El negociado sin publicidad constituye precisamente una excepción a esa publicidad previa. :contentReference[oaicite:7]{index=7}"
"¿Qué afirmación diferencia correctamente el artículo 167 del artículo 168 de la LCSP?","El artículo 167 establece los supuestos de licitación con negociación y el artículo 168 los supuestos del procedimiento negociado sin publicidad","El artículo 167 establece los supuestos del procedimiento restringido y el artículo 168 los del procedimiento abierto","El artículo 167 regula los criterios de adjudicación y el artículo 168 las ofertas anormalmente bajas","Ambos artículos regulan exclusivamente el procedimiento negociado sin publicidad","1","El art. 167 regula los supuestos en los que puede utilizarse la licitación con negociación, mientras que el art. 168 recoge los casos tasados en los que puede acudirse al procedimiento negociado sin la previa publicación de un anuncio de licitación. :contentReference[oaicite:8]{index=8}"
"¿Cuál de las siguientes situaciones puede justificar una licitación con negociación, pero no constituye por sí sola un supuesto del procedimiento abierto ordinario?","La necesidad de realizar un trabajo previo de diseño o adaptación de la prestación por los licitadores","La existencia de un objeto contractual perfectamente definido","La posibilidad de que cualquier empresario interesado presente oferta","La utilización de varios criterios de adjudicación","1","El art. 167.a permite la licitación con negociación cuando sea imprescindible un trabajo previo de diseño o adaptación de la prestación por los licitadores. El procedimiento abierto puede utilizarse con carácter general, pero no incorpora por sí mismo esa necesidad de negociación. :contentReference[oaicite:9]{index=9}"
"¿Cuál de las siguientes situaciones puede justificar un procedimiento negociado sin publicidad y no simplemente una licitación con negociación?","Que en un procedimiento abierto o restringido anterior no se haya presentado ninguna oferta adecuada, manteniéndose las condiciones iniciales sin modificaciones sustanciales","Que la prestación requiera soluciones innovadoras","Que resulte necesario un trabajo previo de diseño o adaptación por los licitadores","Que las especificaciones técnicas no puedan establecerse con suficiente precisión mediante determinadas referencias técnicas","1","El art. 168.a.1 contempla específicamente la ausencia de ofertas, ofertas adecuadas, solicitudes de participación o solicitudes adecuadas en un procedimiento abierto o restringido, siempre que no se modifiquen sustancialmente las condiciones iniciales. Las restantes situaciones aparecen entre los supuestos del art. 167 para la licitación con negociación. :contentReference[oaicite:10]{index=10}"
"Cuando se acude al procedimiento negociado sin publicidad porque un procedimiento anterior no ha recibido ofertas adecuadas, ¿puede modificarse sustancialmente el contrato inicial?","No, las condiciones iniciales no pueden modificarse sustancialmente","Sí, siempre que no se incremente el valor estimado","Sí, pero únicamente respecto de las condiciones técnicas","Sí, siempre que lo apruebe la mesa de contratación","1","El art. 168.a.1 exige que las condiciones iniciales del contrato no se modifiquen sustancialmente y además prohíbe incrementar el presupuesto base de licitación o modificar el sistema de retribución en este supuesto. :contentReference[oaicite:11]{index=11}"
"¿Qué procedimiento puede utilizarse cuando existe una obra de arte única o una actuación artística única que solo puede ser encomendada a un empresario determinado?","Procedimiento negociado sin publicidad","Procedimiento restringido","Procedimiento abierto simplificado","Licitación con negociación obligatoriamente con cinco candidatos","1","El art. 168.a.2 contempla la posibilidad de utilizar el procedimiento negociado sin publicidad cuando las obras, suministros o servicios solo puedan ser encomendados a un empresario determinado por alguna de las causas legalmente previstas, entre ellas una obra de arte única o actuación artística única. :contentReference[oaicite:12]{index=12}"
"¿Cuál de las siguientes afirmaciones sobre la exclusividad es correcta?","La mera condición de proveedor habitual de la Administración no basta para justificar el procedimiento negociado sin publicidad por exclusividad","Ser proveedor habitual constituye automáticamente una causa de exclusividad","La existencia de una relación contractual anterior obliga a utilizar el negociado sin publicidad","La exclusividad puede presumirse siempre que solo se presente una oferta en un procedimiento abierto","1","La exclusividad del art. 168 exige que concurra alguna de las causas legalmente previstas, como razones técnicas o derechos exclusivos. La mera condición de proveedor habitual no constituye por sí misma una causa legal de exclusividad. :contentReference[oaicite:13]{index=13}"
"¿Cuál de las siguientes afirmaciones sobre la negociación en los procedimientos con negociación es correcta?","Pueden negociarse las ofertas, pero no los requisitos mínimos de la prestación ni los criterios de adjudicación","Pueden negociarse libremente los criterios de adjudicación siempre que se informe a todos los licitadores","Pueden modificarse los requisitos mínimos si todos los candidatos están de acuerdo","Solo puede negociarse el precio, nunca otros aspectos técnicos","1","El art. 169.5 permite negociar las ofertas iniciales y ulteriores, pero excluye de la negociación los requisitos mínimos de la prestación y los criterios de adjudicación. :contentReference[oaicite:14]{index=14}"
"¿Qué debe garantizarse durante la negociación respecto de los licitadores?","Igualdad de trato y ausencia de información discriminatoria que pueda otorgar ventajas indebidas","Que cada licitador pueda negociar condiciones diferentes sin límites","Que el licitador con mejor oferta inicial reciba información adicional","Que toda la información comunicada por un licitador se traslade a los demás","1","El art. 169.4 obliga a velar por la igualdad de trato y prohíbe facilitar información de forma discriminatoria que pueda proporcionar ventajas a determinados licitadores. :contentReference[oaicite:15]{index=15}"
"¿Puede el órgano de contratación comunicar a otro licitador información confidencial facilitada durante la negociación?","No, salvo consentimiento previo y específico del licitador que haya comunicado dicha información","Sí, cuando considere que puede mejorar la competencia","Sí, siempre que la información no se refiera al precio","Sí, si el otro licitador presenta una solicitud por escrito","1","La información confidencial comunicada por un licitador no puede revelarse a los demás sin su consentimiento previo y específico. Además, dicho consentimiento no puede tener carácter general. :contentReference[oaicite:16]{index=16}"
"¿Qué ocurre cuando el órgano de contratación decide concluir las negociaciones en una licitación con negociación?","Debe informar a todos los licitadores y establecer un plazo común para presentar ofertas nuevas o revisadas","Debe adjudicar directamente la oferta que hubiera obtenido mayor puntuación antes de negociar","Debe iniciar un nuevo procedimiento restringido","Debe solicitar únicamente una oferta final al licitador mejor valorado","1","El art. 169.8 establece que, una vez concluidas las negociaciones, se informa a todos los licitadores y se fija un plazo común para presentar ofertas nuevas o revisadas. :contentReference[oaicite:17]{index=17}"
"¿Cuál de los siguientes procedimientos puede articularse expresamente en fases sucesivas para reducir progresivamente el número de ofertas a negociar?","La licitación con negociación","El procedimiento abierto ordinario","El procedimiento restringido necesariamente","El contrato menor","1","El art. 169.3 permite articular la licitación con negociación en fases sucesivas para reducir progresivamente el número de ofertas a negociar mediante los criterios de adjudicación establecidos. :contentReference[oaicite:18]{index=18}"
"¿Qué debe indicarse previamente si se pretende utilizar la facultad de desarrollar una licitación con negociación en fases sucesivas?","Debe indicarse en el anuncio de licitación o en el pliego de cláusulas administrativas particulares","Debe comunicarse únicamente a los candidatos que lleguen a la segunda fase","Puede decidirse libremente durante la negociación","Debe aparecer únicamente en la resolución de adjudicación","1","El art. 169.3 exige que en el anuncio o en el PCAP se indique si se va a hacer uso de la posibilidad de articular el procedimiento en fases sucesivas. :contentReference[oaicite:19]{index=19}"
"¿Cuál es la regla general de adjudicación de los contratos de las Administraciones Públicas?","Pluralidad de criterios basados en la mejor relación calidad-precio y utilización ordinaria de los procedimientos abierto o restringido","Criterio único del precio y utilización ordinaria del procedimiento negociado","Pluralidad de criterios y utilización obligatoria del procedimiento restringido","Criterio único de calidad y utilización ordinaria de la licitación con negociación","1","El art. 131.2 establece como regla general una pluralidad de criterios basados en la mejor relación calidad-precio y los procedimientos abierto o restringido, sin perjuicio de los procedimientos especiales previstos legalmente. :contentReference[oaicite:20]{index=20}"
"¿Cuál de las siguientes combinaciones de procedimiento y fundamento legal es correcta?","Abierto o restringido → regla general; licitación con negociación → art. 167; negociado sin publicidad → art. 168","Abierto → art. 167; restringido → art. 168; negociado sin publicidad → art. 160","Restringido → art. 167; licitación con negociación → art. 168; abierto → art. 169","Abierto → art. 168; restringido → art. 169; negociado sin publicidad → art. 131","1","El art. 131 establece como procedimientos ordinarios el abierto y restringido; el art. 167 contiene los supuestos de licitación con negociación y el art. 168 los del negociado sin publicidad. :contentReference[oaicite:21]{index=21}"
"⭐⭐⭐ ¿Qué procedimiento está expresamente prohibido negociar con los licitadores en sus términos contractuales?","El procedimiento abierto","La licitación con negociación","El procedimiento negociado sin publicidad","Todos los procedimientos con negociación","1","El art. 156 establece que en el procedimiento abierto está prohibida toda negociación de los términos del contrato con los licitadores."
"¿Qué prohibición específica establece el artículo 156.5 de la Ley 9/2017 respecto del procedimiento abierto?","Está prohibida toda negociación de los términos del contrato con los licitadores.","Está prohibida únicamente la negociación de los criterios de adjudicación, pero pueden negociarse las condiciones técnicas del contrato.","Está prohibida la negociación únicamente después de la adjudicación, pero puede negociarse el contenido de las ofertas durante la licitación.","Está prohibida la negociación de los términos económicos, pero pueden negociarse con los licitadores los aspectos técnicos del contrato.","1","El artículo 156.5 establece expresamente que en el procedimiento abierto está prohibida toda negociación de los términos del contrato con los licitadores."
"¿Cuál de las siguientes relaciones entre procedimiento de contratación y negociación de los términos del contrato es correcta?","En el procedimiento abierto está prohibida toda negociación de los términos del contrato con los licitadores, mientras que la licitación con negociación permite negociar los términos en los términos previstos legalmente.","En el procedimiento abierto y en la licitación con negociación está prohibida toda negociación, diferenciándose únicamente por la posibilidad de seleccionar previamente a los candidatos.","El procedimiento abierto permite negociar los aspectos técnicos, mientras que la licitación con negociación solo permite negociar los aspectos económicos.","El procedimiento negociado sin publicidad permite negociar únicamente cuando el contrato esté sujeto a regulación armonizada, mientras que el procedimiento abierto permite negociar cuando lo autoricen los pliegos.","1","El artículo 156.5 de la LCSP prohíbe toda negociación de los términos del contrato en el procedimiento abierto. Por el contrario, la licitación con negociación es precisamente un procedimiento en el que los poderes adjudicadores negocian con los candidatos las condiciones del contrato, dentro de los límites establecidos por la Ley."
"¿Qué procedimiento comparte con el restringido una fase de selección previa cuando se limita el número de participantes, pero se diferencia de él porque permite negociar?","La licitación con negociación","El procedimiento abierto simplificado","El negociado sin publicidad en todo caso","El contrato menor","1","La licitación con negociación aplica determinadas normas del procedimiento restringido, incluida la fase de selección, pero se diferencia esencialmente porque permite negociar las ofertas dentro de los límites legales. :contentReference[oaicite:23]{index=23}"
"¿Cuál es el número mínimo de candidatos que deben ser invitados cuando se decide limitar el número de empresas en una licitación con negociación?","Tres","Cinco","Dos","Diez","1","El art. 169.2 establece un mínimo de tres candidatos en la licitación con negociación cuando se limita el número de empresas invitadas a negociar. :contentReference[oaicite:24]{index=24}"
"¿Cuál es el número mínimo de candidatos que debe señalarse en un procedimiento restringido cuando se limita el número de candidatos?","Cinco","Tres","Dos","Diez","1","El procedimiento restringido exige un número mínimo de cinco candidatos cuando se limite el número de participantes, conforme al art. 162.2. :contentReference[oaicite:25]{index=25}"
"⭐⭐⭐ ¿Qué ocurre si en una licitación con negociación hay menos de tres candidatos que cumplen los criterios de selección?","Puede continuarse con los candidatos que reúnan las condiciones exigidas, sin poder invitar a otros que no hayan solicitado participar o que no las cumplan","Debe declararse siempre desierto el procedimiento","Deben incorporarse obligatoriamente dos empresarios adicionales","Debe transformarse automáticamente en un procedimiento abierto","1","El art. 169.2 permite continuar con los candidatos que reúnen las condiciones aunque sean menos de tres, pero prohíbe invitar a empresarios que no hayan solicitado participar o que no posean las condiciones exigidas. :contentReference[oaicite:26]{index=26}"
"¿Qué ocurre si en una licitación con negociación el número de candidatos que cumplen los criterios de selección es inferior al número mínimo de tres?","El órgano de contratación podrá continuar el procedimiento con los candidatos que reúnan las condiciones exigidas, sin poder invitar a empresarios que no hayan solicitado participar o a candidatos que no posean esas condiciones.","El procedimiento deberá declararse desierto, al no alcanzarse el número mínimo de tres candidatos exigido legalmente.","El órgano de contratación deberá incorporar al procedimiento empresarios adicionales hasta alcanzar necesariamente el mínimo de tres candidatos.","El procedimiento deberá transformarse en un procedimiento abierto para garantizar una competencia suficiente.","1","El artículo 169.2 establece que el número mínimo de candidatos invitados a negociar será de tres. No obstante, cuando el número de candidatos que cumplan los criterios de selección sea inferior a ese mínimo, el órgano de contratación podrá continuar el procedimiento con los que reúnan las condiciones exigidas. No podrá invitar a empresarios que no hayan solicitado participar ni a candidatos que no posean dichas condiciones."
"¿Qué regla establece el artículo 169.2 de la Ley 9/2017 cuando se limita el número de empresas invitadas a negociar en una licitación con negociación?","El número mínimo de candidatos invitados será de tres y, si los candidatos que cumplen los criterios de selección son menos de tres, podrá continuarse con ellos sin incorporar candidatos que no hayan solicitado participar o que no cumplan las condiciones.","El número mínimo será de cinco, como en el procedimiento restringido, y si no se alcanza dicho número deberá declararse desierto el procedimiento.","El número mínimo será de tres, pero si no se alcanza deberá invitarse a otros empresarios que cumplan posteriormente los requisitos aunque no hubieran solicitado participar.","El número mínimo será de cinco y podrá reducirse a tres únicamente cuando el contrato esté sujeto a regulación armonizada.","1","El artículo 169.2 fija en tres el número mínimo de candidatos invitados a negociar. Si el número de candidatos que cumplen los criterios de selección es inferior a tres, el órgano de contratación podrá continuar con los que reúnan las condiciones exigidas, sin poder invitar a quienes no hayan solicitado participar o no cumplan dichas condiciones. El artículo 162.2, aplicable al procedimiento restringido, establece en cambio un mínimo de cinco."
"¿Qué ocurre si en un procedimiento restringido hay menos de cinco candidatos que cumplen los criterios de selección?","Puede continuarse con los candidatos que reúnen las condiciones exigidas, sin poder invitar a empresarios que no hayan solicitado participar o que no las cumplan","Debe transformarse en procedimiento abierto","Debe negociarse con los candidatos restantes","Debe declararse necesariamente desierto","1","El art. 162.2 permite continuar con menos de cinco candidatos si son los únicos que cumplen las condiciones, pero impide introducir empresarios que no hayan solicitado participar o que no posean las condiciones exigidas. :contentReference[oaicite:27]{index=27}"
"¿Cuál de los siguientes procedimientos tiene como característica que cualquier empresario puede solicitar participar, pero solo los seleccionados pueden presentar proposiciones?","El procedimiento restringido","El procedimiento abierto","El contrato menor","El procedimiento abierto simplificado abreviado","1","Esta es precisamente la estructura del procedimiento restringido: existe una primera fase de solicitudes de participación y una segunda fase reservada a los candidatos seleccionados atendiendo a su solvencia. :contentReference[oaicite:28]{index=28}"
"¿Qué criterio debe utilizarse ordinariamente como base de la adjudicación?","La mejor relación calidad-precio","El menor precio siempre que exista crédito suficiente","La mayor solvencia económica del empresario","La mayor antigüedad de la empresa","1","El art. 131.2 establece como regla general una pluralidad de criterios de adjudicación basados en el principio de mejor relación calidad-precio. :contentReference[oaicite:29]{index=29}"
"¿Puede utilizarse un procedimiento negociado sin publicidad simplemente porque el órgano de contratación prefiera negociar directamente con una empresa?","No, solo puede utilizarse en los supuestos tasados del artículo 168","Sí, cuando el órgano de contratación lo motive","Sí, siempre que la empresa tenga experiencia previa con la Administración","Sí, cuando el importe del contrato sea inferior a los umbrales europeos","1","El art. 166.3 limita los procedimientos con negociación a los casos enumerados en los arts. 167 y 168, y el art. 168 configura los supuestos del negociado sin publicidad como casos tasados. :contentReference[oaicite:30]{index=30}"
"En la UC3M, ¿qué procedimiento se considera obligatorio cuando no puede acudirse a contratación menor, procedimiento negociado o Central de Contratación del Estado?","El procedimiento abierto","El procedimiento restringido","La licitación con negociación","El procedimiento negociado sin publicidad","1","Las Normas de ejecución del Presupuesto 2026 de la UC3M señalan que se puede acudir al procedimiento abierto con independencia del importe y que será obligatorio en los casos en que no pueda acudirse a contratación menor, procedimiento negociado o Central de Contratación del Estado. :contentReference[oaicite:31]{index=31}"
"En la UC3M, ¿qué documentación debe acompañar a una propuesta de contratación por procedimiento abierto?","Un borrador del Pliego Técnico y los informes justificativos necesarios","Únicamente una propuesta económica","El contrato firmado y la garantía definitiva","Exclusivamente un certificado de exclusividad","1","Las Normas de ejecución 2026 exigen enviar a la DEF-Contratación una propuesta de contratación por procedimiento abierto acompañada de un borrador del Pliego Técnico y de los informes justificativos necesarios. :contentReference[oaicite:32]{index=32}"
"En la UC3M, ¿qué documento específico debe acompañarse cuando el procedimiento negociado sin publicidad se basa en exclusividad?","Un certificado de exclusividad de la empresa","Un certificado de clasificación empresarial","Una declaración responsable del Rector","Un certificado de solvencia bancaria","1","Las Normas de ejecución del Presupuesto 2026 establecen expresamente que, en el supuesto de exclusividad, debe acompañarse un certificado de exclusividad de la empresa. :contentReference[oaicite:33]{index=33}"
"En la UC3M, ¿qué publicidad adicional se exige para la formalización de los contratos negociados sin publicidad sujetos a regulación armonizada?","Su publicación en el Diario Oficial de la Unión Europea","Su publicación únicamente en el BOE","La publicación de todas las ofertas en el DOUE","La publicación de la invitación a negociar en el DOUE","1","Las Normas de ejecución 2026 establecen que, cuando los contratos negociados sin publicidad estén sujetos por su cuantía a regulación armonizada, también es obligatoria la publicación de su formalización en el Diario Oficial de la Unión Europea. :contentReference[oaicite:35]{index=35}"
"¿Cuál de las siguientes secuencias representa correctamente el procedimiento restringido?","Solicitud de participación → selección de candidatos → invitación → presentación de proposiciones → valoración → adjudicación","Anuncio → presentación directa de ofertas por cualquier empresario → negociación → adjudicación","Solicitud → negociación → selección → oferta definitiva → adjudicación","Anuncio → adjudicación → selección de candidatos → presentación de ofertas","1","El procedimiento restringido presenta una primera fase de solicitudes y selección atendiendo a la solvencia, seguida de la invitación a los candidatos seleccionados para que presenten sus proposiciones. :contentReference[oaicite:36]{index=36}"
"¿Cuál de las siguientes secuencias representa correctamente la licitación con negociación?","Anuncio → solicitudes de participación → selección → invitación → ofertas → negociación → ofertas nuevas o revisadas → valoración y adjudicación","Anuncio → ofertas definitivas → negociación → selección → adjudicación","Solicitud → adjudicación → negociación → oferta definitiva → formalización","Anuncio → negociación abierta con cualquier empresario → selección → adjudicación","1","La licitación con negociación combina una fase previa de selección, cuando se limita el número, con la posterior presentación y negociación de ofertas, hasta llegar a las ofertas nuevas o revisadas que serán valoradas para adjudicar. :contentReference[oaicite:37]{index=37}"
"¿Cuál de las siguientes afirmaciones resume correctamente la diferencia entre procedimiento restringido y licitación con negociación?","Ambos pueden tener selección previa de candidatos, pero en el restringido no puede negociarse el contrato y en la licitación con negociación sí, dentro de los límites legales","El restringido no tiene selección previa y la licitación con negociación sí","Ambos permiten negociar, pero solo el restringido exige anuncio de licitación","La licitación con negociación no tiene criterios de adjudicación y el restringido sí","1","El procedimiento restringido y la licitación con negociación comparten determinadas reglas relativas a la selección de candidatos, pero el art. 160.3 prohíbe negociar en el restringido, mientras que la negociación constituye el elemento central de los arts. 166 y siguientes. :contentReference[oaicite:38]{index=38}"
"¿Cuál de las siguientes afirmaciones resume correctamente la diferencia entre licitación con negociación y negociado sin publicidad?","La primera exige anuncio de licitación y se basa en los supuestos del artículo 167; el segundo carece de publicación previa y solo puede utilizarse en los supuestos tasados del artículo 168","Ambos requieren anuncio de licitación y se diferencian únicamente por el número de candidatos","La licitación con negociación no permite negociar, mientras que el negociado sin publicidad sí","El negociado sin publicidad es el procedimiento ordinario y la licitación con negociación la excepción","1","La licitación con negociación del art. 167 exige anuncio de licitación conforme al art. 169.1. El negociado sin publicidad del art. 168 constituye una excepción a la publicidad previa y solo puede utilizarse en los casos legalmente establecidos. :contentReference[oaicite:39]{index=39}"
"¿Cuál de las siguientes afirmaciones sobre las ofertas anormalmente bajas es correcta en relación con la licitación con negociación?","Una oferta considerada anormalmente baja puede constituir una oferta irregular a efectos del artículo 167 cuando proceda de un procedimiento abierto o restringido anterior","Una oferta anormalmente baja es siempre una oferta inaceptable y permite automáticamente acudir al negociado sin publicidad","Toda oferta anormalmente baja debe adjudicarse al licitador que la haya presentado","Una oferta anormalmente baja permite negociar los criterios de adjudicación","1","El art. 167.e considera irregulares, en particular, las ofertas que hayan sido consideradas anormalmente bajas por el órgano de contratación cuando proceda acudir a la licitación con negociación tras un procedimiento abierto o restringido anterior en el que solo se hayan presentado ofertas irregulares o inaceptables. :contentReference[oaicite:40]{index=40}"
"¿Qué procedimiento de los siguientes puede utilizarse directamente para contratos menores?","La adjudicación directa del contrato menor, siempre que se cumplan los requisitos del artículo 118","El procedimiento restringido","La licitación con negociación","El procedimiento negociado sin publicidad","1","El art. 131.3 permite adjudicar directamente los contratos menores a cualquier empresario con capacidad de obrar y habilitación profesional necesaria, cumpliendo las normas del art. 118. :contentReference[oaicite:41]{index=41}"