"Pregunta","Respuesta 1","Respuesta 2","Respuesta 3","Respuesta 4","Respuesta correcta","Explicación"
"¿Cuál de las siguientes afirmaciones describe correctamente la estructura del Capítulo IV del Título IX de la Ley Orgánica 2/2023, relativo al personal docente e investigador de las universidades públicas?","Se divide en tres secciones: la primera regula el profesorado de los cuerpos docentes universitarios (arts. 68 a 76), la segunda el personal docente e investigador laboral (arts. 77 a 87) y la tercera el profesorado de la Unión Europea (art. 88).","Se divide en tres secciones: la primera regula el profesorado de los cuerpos docentes universitarios (arts. 64 a 76), la segunda el personal docente e investigador laboral (arts. 77 a 86) y la tercera el profesorado visitante (art. 87).","Se divide en dos secciones: la primera comprende los cuerpos docentes universitarios y el personal docente e investigador laboral (arts. 68 a 87), y la segunda regula el profesorado de la Unión Europea (art. 88).","Se divide en tres secciones: la primera regula los cuerpos docentes universitarios y el personal investigador (arts. 68 a 76), la segunda el personal docente e investigador laboral (arts. 77 a 87) y la tercera el profesorado visitante y de la Unión Europea (art. 88).","1","El Capítulo IV del Título IX se estructura en tres secciones. La Sección 1.ª comprende los artículos 68 a 76 y regula el profesorado de los cuerpos docentes universitarios; la Sección 2.ª comprende los artículos 77 a 87 y regula el personal docente e investigador laboral; y la Sección 3.ª contiene el artículo 88 y regula el profesorado de la Unión Europea."
"¿En cuántas etapas o niveles se estructura la nueva carrera académica del personal docente e investigador conforme a la Ley Orgánica 2/2023, frente al modelo anterior?","En cuatro etapas, igual que antes","En tres etapas: incorporación, consolidación y promoción, frente a las cuatro etapas vigentes hasta entonces","En dos etapas exclusivamente","En cinco etapas nuevas","2","La exposición de motivos de la Ley Orgánica 2/2023 señala: 'Se establecen tres niveles de progresión frente a los cuatro vigentes hasta ahora. Así, la carrera académica seguirá las etapas de incorporación, consolidación y promoción'. https://www.boe.es/buscar/act.php?id=BOE-A-2023-7500"
"¿A qué porcentaje se reduce el máximo de contratos de carácter temporal del personal docente e investigador que pueden estar vigentes en las universidades públicas, según la exposición de motivos de la Ley Orgánica 2/2023?","Del 40 al 25 por ciento","Del 40 al 8 por ciento","Del 50 al 15 por ciento","No se establece ningún límite porcentual","2","La exposición de motivos de la Ley Orgánica 2/2023 dispone: 'se reduce del 40 al 8 por ciento el máximo de contratos de carácter temporal del personal docente e investigador que pueden estar vigentes en las universidades públicas'. Esta previsión se concreta en el artículo 64 de la Ley. https://www.boe.es/buscar/act.php?id=BOE-A-2023-7500#a64"
"¿Qué artículo de la Ley Orgánica 2/2023 regula de forma general al 'Personal docente e investigador', abriendo el Capítulo IV del Título IX?","Artículo 62","Artículo 64","Artículo 68","Artículo 77","2","El art. 64 de la Ley Orgánica 2/2023, titulado 'Personal docente e investigador', abre el Capítulo IV del Título IX, estableciendo entre otras cuestiones el límite máximo de temporalidad del personal docente e investigador de las universidades públicas. https://www.boe.es/buscar/act.php?id=BOE-A-2023-7500#a64"
"¿Qué artículo de la Ley Orgánica 2/2023 se dedica específicamente a la 'Promoción de la equidad entre el personal docente e investigador'?","Artículo 64","Artículo 65","Artículo 66","Artículo 67","2","El art. 65 de la Ley Orgánica 2/2023 lleva por título 'Promoción de la equidad entre el personal docente e investigador', situado justo después del artículo 64 (Personal docente e investigador) dentro del Capítulo IV del Título IX. https://www.boe.es/buscar/act.php?id=BOE-A-2023-7500#a65"
"¿Cuáles son los cuerpos docentes universitarios regulados en la Sección 1ª del Capítulo IV del Título IX de la Ley Orgánica 2/2023, según su artículo 68?","Únicamente el cuerpo de Catedráticos","Los cuerpos de Catedráticos y Catedráticas de Universidad, y de Profesoras y Profesores Titulares de Universidad","Un único cuerpo docente unificado sin distinción de categorías","Exclusivamente el cuerpo de Ayudantes Doctores","2","El art. 68 de la Ley Orgánica 2/2023, titulado 'Cuerpos docentes universitarios', regula los cuerpos de Catedráticas y Catedráticos de Universidad y de Profesoras y Profesores Titulares de Universidad, cuerpos docentes funcionariales de las universidades públicas. https://www.boe.es/buscar/act.php?id=BOE-A-2023-7500#a68"
"⭐⭐⭐ ¿Qué artículo de la Ley Orgánica 2/2023 regula la 'Acreditación de los cuerpos docentes universitarios'?","Artículo 68","Artículo 69","Artículo 71","Artículo 85","2","El art. 69 de la Ley Orgánica 2/2023 se titula 'Acreditación de los cuerpos docentes universitarios', regulando el requisito previo de acreditación nacional para el acceso a las plazas de Catedrático/a o Titular de Universidad. https://www.boe.es/buscar/act.php?id=BOE-A-2023-7500#a69"
"¿Cuál de las siguientes figuras de personal docente e investigador laboral está regulada expresamente en la Sección 2.ª del Capítulo IV del Título IX de la Ley Orgánica 2/2023?","Profesoras y Profesores Ayudantes Doctoras/es","Profesoras y Profesores Titulares de Universidad","Profesoras y Profesores Catedráticos de Universidad","Personal Técnico, de Gestión y de Administración y Servicios","1","La Sección 2.ª del Capítulo IV del Título IX de la LOSU, dedicada al personal docente e investigador laboral, incluye expresamente la figura de Profesoras y Profesores Ayudantes Doctoras/es en el artículo 78. Las Profesoras y Profesores Titulares de Universidad y Catedráticos de Universidad pertenecen a los cuerpos docentes universitarios y se regulan en la Sección 1.ª. El PTGAS se regula en el Capítulo V del Título IX."
"¿Cuál de las siguientes figuras está regulada en el artículo 79 de la Ley Orgánica 2/2023, dentro de la Sección 2.ª del Capítulo IV del Título IX?","Profesoras y Profesores Asociados","Profesoras y Profesores Ayudantes Doctoras/es","Profesoras y Profesores Permanentes Laborales","Profesoras y Profesores Sustitutos","1","El artículo 79 de la LOSU regula la figura del Profesorado Asociado. Los Ayudantes Doctores se regulan en el artículo 78, los Profesores Permanentes Laborales en el artículo 82 y los Profesores Sustitutos en el artículo 80."
"¿Cuál de las siguientes figuras de personal docente e investigador laboral se regula específicamente en el artículo 82 de la Ley Orgánica 2/2023?","Profesoras y Profesores Visitantes","Profesoras y Profesores Permanentes Laborales","Profesoras y Profesores Asociados","Profesoras y Profesores Sustitutos","2","El artículo 82 de la LOSU regula al Profesorado Permanente Laboral. En la misma Sección 2.ª, el artículo 79 regula al Profesorado Asociado, el 80 al Profesorado Sustituto y el 81 al Profesorado Emérito."
"¿Cuál de las siguientes asociaciones entre figura de personal docente e investigador laboral y artículo de la LOSU es correcta?","Profesorado Ayudante Doctor → artículo 79","Profesorado Asociado → artículo 80","Profesorado Sustituto → artículo 80","Profesorado Permanente Laboral → artículo 81","3","El artículo 80 de la LOSU regula al Profesorado Sustituto. El artículo 78 regula al Profesorado Ayudante Doctor, el 79 al Profesorado Asociado y el 82 al Profesorado Permanente Laboral."
"¿Qué artículo de la Ley Orgánica 2/2023 regula la figura de 'Profesoras y Profesores Asociadas/os'?","Artículo 78","Artículo 79","Artículo 81","Artículo 83","2","El art. 79 de la Ley Orgánica 2/2023, dentro de la Sección 2ª del Capítulo IV del Título IX, se titula 'Profesoras y Profesores Asociadas/os', regulando esta figura de profesorado laboral vinculada tradicionalmente a la actividad profesional externa a la universidad. https://www.boe.es/buscar/act.php?id=BOE-A-2023-7500#a79"
"¿Qué artículo de la Ley Orgánica 2/2023 introduce la figura de 'Profesoras y Profesores Distinguidas/os' entre el personal docente e investigador laboral?","Artículo 81","Artículo 82","Artículo 83","Artículo 84","4","El art. 84 de la Ley Orgánica 2/2023 se titula 'Profesoras y Profesores Distinguidas/os', dentro de la Sección 2ª ('El personal docente e investigador laboral') del Capítulo IV del Título IX, orientada, conforme al espíritu de la Ley, a la atracción de talento investigador de especial relevancia. https://www.boe.es/buscar/act.php?id=BOE-A-2023-7500#a84"
"¿Qué reforma introduce la exposición de motivos de la Ley Orgánica 2/2023 en relación con la composición de las comisiones de selección de personal docente e investigador?","Que todos los miembros deben pertenecer a la propia universidad convocante","Que la mayoría de los miembros de las comisiones de selección no pertenezca a la universidad convocante y que sean elegidos mayoritariamente mediante sorteo","Que las comisiones de selección desaparecen y las plazas se adjudican directamente por el Rector","Que las comisiones de selección se componen exclusivamente de personal externo a la universidad, designado libremente por el Ministerio","2","La exposición de motivos de la Ley Orgánica 2/2023 señala que, para reforzar la objetividad en el acceso a los cuerpos docentes y a las modalidades de contratación laboral, se establece 'que la mayoría de los miembros de las comisiones de selección no pertenezca a la universidad convocante y que sean elegidos mayoritariamente mediante sorteo'. https://www.boe.es/buscar/act.php?id=BOE-A-2023-7500"
"¿Qué artículo de la Ley Orgánica 2/2023, dentro de la Sección 1ª del Capítulo IV del Título IX, regula los 'Concursos para el acceso a plazas de los cuerpos docentes universitarios'?","Artículo 69","Artículo 70","Artículo 71","Artículo 73","3","El art. 71 de la Ley Orgánica 2/2023 se titula 'Concursos para el acceso a plazas de los cuerpos docentes universitarios', regulando el procedimiento selectivo posterior a la acreditación del art. 69. https://www.boe.es/buscar/act.php?id=BOE-A-2023-7500#a71"
"¿Qué artículo de la Ley Orgánica 2/2023 regula específicamente el 'Profesorado de la Unión Europea', constituyendo por sí solo la Sección 3ª del Capítulo IV del Título IX?","Artículo 86","Artículo 87","Artículo 88","Artículo 89","3","El art. 88 de la Ley Orgánica 2/2023, titulado 'Profesorado de la Unión Europea', constituye por sí solo la Sección 3ª del Capítulo IV del Título IX, regulando el régimen aplicable al profesorado procedente de otros Estados miembros de la Unión Europea. https://www.boe.es/buscar/act.php?id=BOE-A-2023-7500#a88"
"¿Qué objetivo prioritario atribuye la exposición de motivos de la Ley Orgánica 2/2023 a la nueva regulación del personal docente e investigador?","Aumentar indefinidamente el número de figuras contractuales temporales","La eliminación de la precariedad en el empleo universitario y la implantación de una carrera académica estable y predecible","Suprimir por completo la carrera docente funcionarial","Reducir la financiación destinada a la investigación","2","La exposición de motivos de la Ley Orgánica 2/2023 dispone: 'Respecto del personal docente e investigador, esta ley orgánica tiene como uno de sus objetivos prioritarios la eliminación de la precariedad en el empleo universitario y la implantación de una carrera académica estable y predecible'. https://www.boe.es/buscar/act.php?id=BOE-A-2023-7500"
"¿Cuál es la finalidad principal del modelo de carrera académica diseñado por la LOSU?","Favorecer una carrera académica estable, predecible y basada en los principios de mérito y capacidad.","Sustituir completamente los cuerpos docentes funcionarios por personal laboral.","Reducir progresivamente el número de plazas permanentes en las universidades públicas.","Centralizar todos los procesos de selección en el Ministerio competente.",1,"Los artículos 64 a 66 configuran una carrera académica basada en la estabilidad, la planificación y los principios constitucionales de mérito y capacidad."
"Según el preámbulo de la Ley Orgánica 2/2023, ¿qué etapas estructuran la carrera académica del personal docente e investigador?","Incorporación, consolidación y promoción.","Incorporación, movilidad y jubilación.","Formación, evaluación y promoción.","Consolidación, acreditación y movilidad.","1","El preámbulo de la LOSU señala que la ley apuesta por una carrera académica estable y predecible y establece tres niveles de progresión: incorporación, consolidación y promoción. Esta formulación no corresponde al contenido específico de los artículos 64 a 66."
"¿Qué materia regula específicamente el artículo 66 de la Ley Orgánica 2/2023 respecto del personal docente e investigador de las universidades públicas?","La movilidad temporal, que constituye un derecho del personal docente e investigador.","Las medidas de acción positiva para favorecer el acceso de las mujeres al personal docente e investigador.","La composición del personal docente e investigador y los límites de su temporalidad.","La acreditación previa para el acceso a los cuerpos docentes universitarios.","1","El artículo 66 regula la movilidad temporal del personal docente e investigador y establece expresamente que la movilidad constituye un derecho. El artículo 65 regula la promoción de la equidad y el artículo 64 regula el personal docente e investigador."
"¿Qué finalidad persigue la LOSU al ordenar la carrera académica en diferentes etapas?","Facilitar el acceso, consolidación y promoción del personal docente e investigador mediante un modelo ordenado y estable.","Reducir el número de procesos selectivos.","Eliminar la evaluación del profesorado.","Sustituir el sistema de acreditaciones nacionales.",1,"La Ley diseña un itinerario profesional que favorece la estabilidad y la promoción."
"¿Qué relación existe entre la reducción de la temporalidad y el nuevo modelo de carrera académica?","La reducción de la temporalidad constituye uno de los instrumentos para consolidar una carrera académica más estable y previsible.","Son materias completamente independientes.","La temporalidad únicamente afecta al personal investigador.","La reducción de la temporalidad solo resulta aplicable a universidades privadas.",1,"Uno de los objetivos centrales de la reforma es reforzar la estabilidad del PDI."
"¿Cuál de las siguientes afirmaciones resume mejor el modelo de carrera académica previsto por la LOSU?","Combina estabilidad, evaluación objetiva, promoción profesional y captación de talento.","Se basa exclusivamente en la antigüedad.","Elimina la promoción interna.","Sustituye todos los concursos por contratación directa.",1,"La carrera académica integra todos estos elementos."
"¿Qué característica diferencia el modelo de carrera académica de la LOSU respecto de modelos anteriores?","Pretende ofrecer un itinerario más previsible y reducir la precariedad del personal docente e investigador.","Elimina todas las figuras contractuales laborales.","Suprime la evaluación del desempeño.","Reduce las competencias de las universidades en selección.",1,"La reforma busca un modelo más estable y menos precario."
"¿Qué medida establece la Ley Orgánica 2/2023 en relación con la temporalidad del personal docente e investigador de las universidades públicas?","El personal docente e investigador con contrato laboral temporal no podrá superar el 8 por ciento en efectivos de la plantilla de personal docente e investigador, sin computar el profesorado asociado de Ciencias de la Salud ni el profesorado ayudante doctor.","El personal docente e investigador con contrato laboral temporal no podrá superar el 10 por ciento en efectivos de la plantilla, computándose en todo caso el profesorado ayudante doctor.","El personal docente e investigador con contrato laboral temporal no podrá superar el 8 por ciento de la plantilla, computándose a estos efectos todas las modalidades de profesorado laboral.","El personal docente e investigador con contrato laboral temporal no podrá superar el 5 por ciento en efectivos de la plantilla, sin excepciones respecto de las modalidades contractuales universitarias.","1","El artículo 64.3 de la Ley Orgánica 2/2023 establece que el profesorado con contrato laboral temporal no podrá superar el 8 por ciento en efectivos de la plantilla de personal docente e investigador. No se computan a estos efectos el profesorado asociado de Ciencias de la Salud ni el profesorado ayudante doctor."
"¿Qué elemento constituye un eje transversal de todo el régimen jurídico del PDI en la LOSU?","La aplicación de los principios de mérito y capacidad en el acceso y desarrollo de la carrera académica.","La libre contratación sin procedimientos públicos.","La designación discrecional por los rectores.","La antigüedad como único criterio de promoción.",1,"Toda la regulación del PDI gira sobre estos principios."
"¿Qué objetivo persigue la LOSU respecto a la captación y retención del talento investigador?","Favorecer que las universidades puedan desarrollar una carrera académica atractiva y competitiva.","Reservar el acceso únicamente al personal funcionario.","Eliminar la movilidad internacional.","Reducir la colaboración con otras universidades.",1,"La captación de talento constituye uno de los fines declarados del nuevo modelo."
"¿Qué relación existe entre la calidad universitaria y la regulación de la carrera académica en la LOSU?","La mejora de la carrera académica constituye un instrumento para reforzar la calidad del sistema universitario.","Son materias sin conexión normativa.","La calidad depende exclusivamente de la financiación.","La carrera académica solo afecta a la investigación.",1,"La LOSU conecta directamente ambas materias."
"¿Qué principio inspira la ordenación de la carrera académica del personal docente e investigador conforme a los artículos iniciales del Capítulo IV de la LOSU?","La existencia de un itinerario profesional coherente basado en el mérito, la capacidad y la evaluación objetiva.","La promoción automática por antigüedad.","La contratación temporal como modalidad ordinaria de acceso.","La libre designación por los órganos de gobierno de la universidad.",1,"Los artículos 64 a 66 configuran un modelo de carrera académica estructurado, basado en los principios constitucionales de mérito y capacidad y orientado a la estabilidad."
"¿Cuál es uno de los objetivos perseguidos por la LOSU al reformar la carrera académica del personal docente e investigador?","Reducir la precariedad y favorecer trayectorias profesionales más estables y previsibles.","Eliminar la contratación laboral en las universidades públicas.","Sustituir la acreditación nacional por procedimientos internos de cada universidad.","Reducir la movilidad del profesorado entre universidades.",1,"La reforma persigue consolidar una carrera académica más estable y atractiva, reduciendo la temporalidad."
"¿Qué relación establece la Ley Orgánica 2/2023 entre la evaluación y el desarrollo profesional del personal docente e investigador?","La evaluación de méritos y actividades del personal docente e investigador interviene en distintos mecanismos de desarrollo profesional, como la acreditación, la progresión hacia determinadas plazas y la obtención de complementos ligados a méritos.","La evaluación solo interviene en la acreditación estatal necesaria para acceder a los cuerpos docentes universitarios, sin producir efectos en la carrera del profesorado laboral.","La evaluación se utiliza principalmente para determinar la duración de los contratos temporales, pero no para valorar méritos docentes, investigadores o de transferencia.","La evaluación del personal docente e investigador corresponde exclusivamente a las universidades, sin intervención de agencias de calidad ni efectos sobre procedimientos de acreditación.","1","La LOSU integra la evaluación en distintos aspectos del desarrollo profesional del PDI. El artículo 69.2 establece la evaluación de méritos docentes, investigadores y, en su caso, de transferencia en los procedimientos de acreditación; el artículo 76.2 vincula determinados complementos retributivos a méritos individuales previa evaluación; y el artículo 78.e) prevé una evaluación orientativa del Profesorado Ayudante Doctor relacionada con el progreso y la obtención de los méritos necesarios para la acreditación para una plaza permanente."
"En relación con el Profesorado Ayudante Doctor, ¿qué finalidad tiene la evaluación que debe realizar la universidad transcurridos los tres primeros años del contrato conforme al artículo 78.e) de la Ley Orgánica 2/2023?","Valorar el progreso y la calidad de la actividad docente e investigadora y, en su caso, de transferencia e intercambio del conocimiento, orientando al profesorado hacia la obtención de los méritos necesarios para la acreditación para una plaza de profesorado permanente.","Determinar definitivamente si el contrato debe transformarse automáticamente en una plaza de profesorado permanente al finalizar los tres primeros años.","Comprobar exclusivamente el cumplimiento de las obligaciones docentes del profesorado, sin valorar su actividad investigadora o de transferencia.","Resolver anticipadamente el contrato cuando la evaluación no resulte favorable y convocar necesariamente una nueva plaza de profesorado permanente.","1","El artículo 78.e) establece que, transcurridos los tres primeros años del contrato, la universidad realizará una evaluación orientativa del desempeño. Su finalidad es valorar el progreso y la calidad de la actividad docente e investigadora y, en su caso, de transferencia e intercambio del conocimiento, de modo que dicha actividad conduzca a alcanzar los méritos requeridos para obtener la acreditación necesaria para concursar a una plaza de profesorado permanente."
"¿Qué finalidad tiene la configuración de una carrera académica previsible para el personal docente e investigador?","Facilitar la planificación profesional y favorecer la captación y permanencia del talento en el sistema universitario.","Reducir el número de plazas permanentes ofertadas por las universidades.","Garantizar que toda promoción se produzca automáticamente por antigüedad.","Sustituir la movilidad académica por procedimientos internos.",1,"La previsibilidad constituye uno de los ejes de la reforma introducida por la LOSU."
"¿Cuál de las siguientes afirmaciones refleja mejor el modelo de acceso y promoción diseñado por la LOSU para el personal docente e investigador?","El acceso y la promoción deben desarrollarse conforme a procedimientos públicos basados en los principios de igualdad, mérito y capacidad.","La promoción profesional corresponde exclusivamente a la decisión discrecional del Rector.","Los concursos pueden sustituirse con carácter general por nombramientos directos.","La antigüedad constituye el criterio determinante para todas las promociones.",1,"El régimen del PDI mantiene los principios constitucionales de acceso al empleo público."
"¿Qué finalidad persigue la LOSU al reforzar la estabilidad del personal docente e investigador?","Incrementar la calidad de la docencia, la investigación y la transferencia del conocimiento.","Reducir la autonomía universitaria en materia de personal.","Limitar la movilidad internacional del profesorado.","Favorecer la sustitución progresiva del profesorado permanente por figuras temporales.",1,"La estabilidad del PDI se considera un instrumento para mejorar la calidad del sistema universitario."
"⭐⭐⭐ ¿Cómo se articula en la Ley Orgánica 2/2023 la relación entre la acreditación para los cuerpos docentes universitarios y los concursos de acceso a sus plazas?","La acreditación constituye un requisito previo para acceder a los cuerpos docentes universitarios, mientras que corresponde a las universidades convocar y resolver los concursos de acceso a las plazas respetando los principios establecidos legalmente.","La acreditación permite ocupar directamente una plaza del cuerpo docente correspondiente, sin necesidad de participar en un concurso convocado por la universidad.","Las universidades pueden sustituir la acreditación exigida para los cuerpos docentes universitarios por sus propios procedimientos de evaluación y selección.","La acreditación corresponde a las universidades y el concurso de acceso es resuelto posteriormente por la Administración del Estado para garantizar la igualdad entre candidaturas.","1","El artículo 69.1 de la Ley Orgánica 2/2023 establece la exigencia de una acreditación previa para el acceso a los cuerpos docentes universitarios. Los artículos 71 y siguientes regulan los concursos de acceso a las plazas, cuya convocatoria y resolución corresponden a las universidades dentro del marco establecido por la Ley. De este modo, la acreditación y el concurso de acceso cumplen funciones diferentes: la primera constituye un requisito previo y el segundo determina la selección para una plaza concreta."
"Una persona ha obtenido la acreditación estatal para el acceso a los cuerpos docentes universitarios. Conforme a la Ley Orgánica 2/2023 y su normativa de desarrollo, ¿qué consecuencia produce dicha acreditación?","Le permite concurrir a los concursos de acceso a plazas del cuerpo docente correspondiente, pero la obtención de una plaza requiere superar el correspondiente concurso convocado por una universidad.","Le atribuye automáticamente una plaza del cuerpo docente correspondiente en la universidad en la que obtuvo el Doctorado.","Le permite ocupar cualquier plaza vacante del cuerpo correspondiente sin necesidad de participar en un procedimiento selectivo universitario.","Obliga a la universidad que convoque una plaza del cuerpo correspondiente a adjudicársela si la persona acreditada presenta su candidatura.","1","La acreditación estatal constituye un requisito imprescindible para concurrir a los concursos de acceso, pero no adjudica una plaza. El artículo 71.1 de la Ley Orgánica 2/2023 atribuye a las universidades la convocatoria de los concursos para las plazas dotadas en sus presupuestos, por lo que la acreditación y el concurso cumplen funciones diferentes."
"¿Cómo se articula la relación entre la acreditación estatal y los concursos de acceso a los cuerpos docentes universitarios?","La acreditación estatal constituye un requisito imprescindible para concurrir al concurso de acceso, cuya convocatoria corresponde a la universidad para las plazas dotadas en su presupuesto.","La obtención de la acreditación estatal permite acceder directamente al cuerpo docente correspondiente, sin necesidad de participar en un concurso de acceso convocado por una universidad.","Las universidades pueden sustituir la acreditación estatal por sus propios procedimientos de evaluación antes de convocar el concurso de acceso.","La acreditación estatal determina directamente la universidad y la plaza que ocupará la persona acreditada, correspondiendo al concurso únicamente formalizar el nombramiento.","1","El artículo 69.1 de la Ley Orgánica 2/2023 exige la previa obtención de una acreditación para el acceso a los cuerpos docentes universitarios. El artículo 71.1 atribuye a las universidades la convocatoria de los concursos para el acceso a sus plazas. El artículo 2.1 del Real Decreto 678/2023 precisa que la acreditación estatal constituye un requisito imprescindible para concurrir a los concursos de acceso. Por tanto, la acreditación habilita para concurrir, pero no adjudica por sí misma una plaza."
"⭐⭐⭐ ¿Cuáles son las etapas en las que, según la Ley Orgánica 2/2023, de 22 de marzo, se estructura la carrera académica del personal docente e investigador?","Incorporación, consolidación y promoción.","Formación, acreditación y estabilización.","Incorporación, evaluación y movilidad.","Selección, contratación y promoción.","1","El preámbulo de la Ley Orgánica 2/2023 señala que la carrera académica seguirá tres etapas: incorporación, consolidación y promoción. Esta configuración se desarrolla posteriormente mediante las distintas figuras y procedimientos previstos para el personal docente e investigador. La LOSU pretende establecer así una carrera académica estable y predecible. https://www.boe.es/buscar/act.php?id=BOE-A-2023-7500"
"¿Cuál de las siguientes secuencias reproduce correctamente las etapas de la carrera académica configurada por la Ley Orgánica 2/2023 para el personal docente e investigador?","Incorporación, consolidación y promoción.","Incorporación, estabilización y acreditación.","Formación, consolidación y movilidad.","Selección, estabilización y promoción.","1","El preámbulo de la Ley Orgánica 2/2023 establece que, frente a los cuatro niveles existentes anteriormente, la carrera académica seguirá tres etapas: incorporación, consolidación y promoción. https://www.boe.es/buscar/act.php?id=BOE-A-2023-7500"
"En relación con la etapa inicial de la carrera académica, ¿cuál de las siguientes afirmaciones se corresponde con la regulación de las Profesoras y Profesores Ayudantes Doctores en la Ley Orgánica 2/2023?","Su contrato tiene una duración de seis años y, transcurridos los tres primeros, la universidad realizará una evaluación orientativa del desempeño dirigida a valorar el progreso hacia la acreditación necesaria para concursar a una plaza de profesorado permanente.","Su contrato tiene una duración máxima de cuatro años y, al finalizar el segundo, la universidad deberá realizar una evaluación vinculante para determinar el acceso automático a una plaza permanente.","Su contrato tiene una duración de cinco años y la obtención de la acreditación para Profesor Permanente Laboral debe producirse obligatoriamente durante los dos primeros años.","Su contrato tiene una duración indefinida y la evaluación realizada durante los primeros tres años determina exclusivamente la asignación de complementos retributivos.","1","El artículo 78 de la LOSU establece que el contrato de Profesor/a Ayudante Doctor/a tiene una duración de seis años. Transcurridos los tres primeros años, la universidad realizará una evaluación orientativa del desempeño, cuyo objetivo es valorar el progreso y la calidad de la actividad docente e investigadora y, en su caso, de transferencia, que deberán conducir a alcanzar los méritos requeridos para obtener la acreditación necesaria para concursar a una plaza de profesorado permanente. https://www.boe.es/buscar/act.php?id=BOE-A-2023-7500#a78"
"¿Qué relación establece la Ley Orgánica 2/2023 entre la acreditación y la carrera académica del personal docente e investigador funcionario?","El procedimiento de acreditación debe adecuar los méritos requeridos a la duración de la etapa inicial de la carrera académica establecida por la ley.","La acreditación sustituye la etapa inicial de la carrera académica y permite acceder directamente a la promoción sin necesidad de superar procesos selectivos.","La acreditación se limita a valorar los méritos investigadores y no puede considerar los méritos docentes ni, en su caso, los de transferencia del conocimiento.","La acreditación corresponde exclusivamente a las universidades, que determinan libremente los méritos exigibles para acceder a los cuerpos docentes universitarios.","1","El artículo 69.2.e) de la LOSU establece que el procedimiento de acreditación debe garantizar la adecuación de los méritos requeridos a la duración de la etapa inicial de la carrera académica que establece la ley. Además, el artículo 69.2.c) prevé una evaluación cualitativa y cuantitativa de los méritos docentes y de investigación y, en su caso, de transferencia del conocimiento. https://www.boe.es/buscar/act.php?id=BOE-A-2023-7500#a69"
"¿Qué elemento diferencia el modelo de carrera académica de la LOSU respecto a un sistema basado exclusivamente en la contratación temporal?","La existencia de mecanismos orientados a favorecer la consolidación profesional y la estabilidad del personal docente e investigador.","La supresión de cualquier proceso de evaluación.","La desaparición de las figuras laborales permanentes.","La reducción de los procedimientos de selección pública.",1,"Uno de los objetivos de la reforma es disminuir la temporalidad y favorecer carreras académicas estables."
"¿Qué relación existe entre la captación de talento y la calidad del sistema universitario según el modelo diseñado por la LOSU?","La mejora de la carrera académica pretende atraer y retener talento, contribuyendo así a elevar la calidad de la docencia, la investigación y la transferencia del conocimiento.","La captación de talento solo afecta a la investigación y no a la docencia.","La calidad universitaria depende exclusivamente de la financiación pública.","La captación de talento constituye una competencia exclusiva de las Comunidades Autónomas.",1,"Los artículos iniciales del Capítulo IV presentan la carrera académica como una herramienta para fortalecer el conjunto del sistema universitario."
"⭐⭐⭐ ¿Qué dos cuerpos docentes universitarios reconoce la LOSU como cuerpos de personal funcionario docente e investigador?","Catedráticas y Catedráticos de Universidad, y Profesoras y Profesores Titulares de Universidad.","Profesoras y Profesores Permanentes Laborales, y Profesoras y Profesores Titulares de Universidad.","Profesoras y Profesores Ayudantes Doctores, y Catedráticas y Catedráticos de Universidad.","Profesoras y Profesores Asociados, y Profesoras y Profesores Titulares de Universidad.",1,"El artículo 67 mantiene como cuerpos docentes universitarios únicamente el Cuerpo de Catedráticas y Catedráticos de Universidad y el Cuerpo de Profesoras y Profesores Titulares de Universidad."
"⭐⭐⭐ ¿Cuál es el sistema ordinario de acceso a los cuerpos docentes universitarios previsto en la LOSU?","La superación de los procedimientos de acreditación y de los concursos de acceso previstos legalmente.","La contratación directa por el Rector previa propuesta del departamento.","La designación por el Consejo Social mediante convocatoria pública.","La libre designación entre personal doctor con experiencia investigadora.",1,"La LOSU mantiene un sistema dual basado en la acreditación estatal y el posterior concurso de acceso convocado por la universidad."
"Conforme a los artículos 69 y 71 de la Ley Orgánica 2/2023, ¿qué secuencia describe correctamente el acceso a los cuerpos docentes universitarios?","Título de Doctor/a y acreditación previa → concurso de acceso convocado por la universidad.","Título de Doctor/a → concurso de acceso, pudiendo obtenerse la acreditación después de superar el concurso.","Acreditación previa → contratación laboral por la universidad → posterior concurso para adquirir la condición de funcionario/a.","Título de Doctor/a → acreditación y posterior designación directa por la universidad sin necesidad de concurso.","1","El artículo 69.1 establece que el acceso a los cuerpos docentes universitarios exige, además del título de Doctor/a, la previa obtención de una acreditación por parte de la ANECA. El artículo 71.1 establece posteriormente que las universidades convocarán concursos para el acceso a las plazas de dichos cuerpos. Por tanto, la acreditación es un requisito previo para concurrir al concurso, pero no garantiza por sí sola la obtención de una plaza."
"¿Qué principio debe respetar la provisión de plazas de los cuerpos docentes universitarios?","Los principios de igualdad, mérito, capacidad, publicidad y concurrencia.","La libre designación entre personas acreditadas.","La antigüedad como criterio preferente.","La contratación temporal previa durante al menos cinco años.",1,"Los concursos de acceso a los cuerpos docentes mantienen los principios constitucionales de acceso al empleo público."
"⭐⭐⭐ ¿Qué requisito académico común exige la LOSU para acceder tanto al cuerpo de Profesoras y Profesores Titulares de Universidad como al de Catedráticas y Catedráticos de Universidad?","Estar en posesión del título de Doctora o Doctor.","Haber obtenido al menos un sexenio de investigación.","Disponer de acreditación internacional.","Acreditar cinco años de docencia universitaria.",1,"La condición de doctor constituye el requisito académico básico para el acceso a ambos cuerpos, sin perjuicio de los restantes requisitos establecidos legalmente."
"¿Cuál de los siguientes requisitos es común para el acceso tanto al cuerpo de Profesoras y Profesores Titulares de Universidad como al de Catedráticas y Catedráticos de Universidad conforme a la Ley Orgánica 2/2023?","Estar en posesión del título de Doctora o Doctor y obtener previamente la acreditación correspondiente","Haber prestado al menos cinco años de servicios como Profesor o Profesora Titular de Universidad y obtener la acreditación correspondiente","Estar en posesión del título de Doctora o Doctor y haber obtenido previamente un sexenio de investigación reconocido","Haber obtenido una acreditación internacional y superar posteriormente una evaluación específica de cada universidad","1","El artículo 69.1 de la Ley Orgánica 2/2023 establece que el acceso a los cuerpos docentes universitarios exigirá, además del título de Doctor/a, la previa obtención de una acreditación por parte de la ANECA. Esta exigencia se aplica a los cuerpos docentes universitarios, entre ellos los de Profesoras y Profesores Titulares de Universidad y Catedráticas y Catedráticos de Universidad. Los artículos 71 y siguientes regulan posteriormente los concursos y demás aspectos del acceso a las plazas."
"⭐⭐⭐ ¿Cuál de las siguientes afirmaciones distingue correctamente la acreditación y el concurso de acceso a los cuerpos docentes universitarios conforme a la Ley Orgánica 2/2023?","La acreditación previa valora los méritos y competencias de la persona aspirante y constituye un requisito para concurrir a los concursos, mientras que el concurso permite seleccionar para una plaza concreta convocada por la universidad","La acreditación previa determina la plaza concreta que ocupará la persona acreditada, mientras que el concurso únicamente verifica que mantiene los méritos que dieron lugar a la acreditación","La acreditación y el concurso son procedimientos sucesivos convocados por la ANECA, correspondiendo a la universidad únicamente formalizar el nombramiento de la persona seleccionada","La acreditación permite acceder directamente a un cuerpo docente universitario, mientras que el concurso se limita a determinar el orden de preferencia entre quienes ya han obtenido plaza","1","El artículo 69 de la Ley Orgánica 2/2023 establece que el acceso a los cuerpos docentes universitarios exige la previa obtención de una acreditación que valore los méritos y competencias de las personas aspirantes. El artículo 71 establece que las universidades convocarán concursos para el acceso a las plazas de dichos cuerpos. Por tanto, la acreditación es un requisito previo para concurrir al concurso, pero no otorga por sí misma una plaza."
"👑 Una persona obtiene la acreditación estatal para el acceso al cuerpo de Profesoras y Profesores Titulares de Universidad. ¿Qué efecto produce por sí sola dicha acreditación?","Le permite concurrir a los concursos de acceso correspondientes, pero no le garantiza la obtención de una plaza","Le confiere automáticamente la condición de funcionario del cuerpo correspondiente","Le atribuye directamente una plaza en la universidad en la que obtuvo la acreditación","Le permite acceder al cuerpo correspondiente sin necesidad de participar en un concurso de acceso","1","El artículo 2 del Real Decreto 678/2023 establece que la acreditación estatal es requisito imprescindible para concurrir a los concursos de acceso y surte efectos en todo el territorio del Estado, pero su obtención no garantiza la obtención de una plaza, cuya provisión corresponde al procedimiento de concurso."
"¿Cuál de las siguientes afirmaciones describe correctamente la finalidad del sistema de acreditación previsto en la LOSU?","Garantizar una valoración objetiva de los méritos antes de concurrir a los concursos convocados por las universidades.","Seleccionar directamente al profesorado que ocupará cada plaza.","Determinar el salario correspondiente a cada cuerpo docente.","Sustituir definitivamente los concursos universitarios.",1,"La acreditación tiene naturaleza habilitante y acredita el cumplimiento de los requisitos exigidos para participar en concursos."
"¿Cuál de las siguientes afirmaciones refleja correctamente la relación entre la autonomía universitaria y los concursos para el acceso a plazas de los cuerpos docentes universitarios conforme a la Ley Orgánica 2/2023?","Las universidades convocan los concursos de acceso de acuerdo con su normativa interna, pero deben respetar las condiciones y garantías establecidas legalmente, entre ellas la integración mayoritaria de las comisiones de selección por miembros externos elegidos mediante sorteo público.","Las universidades convocan y regulan libremente los concursos de acceso en virtud de su autonomía, pudiendo establecer sus propias condiciones de acreditación y prescindir de las garantías previstas en la Ley Orgánica 2/2023.","Las universidades convocan los concursos conforme a su normativa interna, pero las comisiones de selección deben estar integradas mayoritariamente por miembros de la propia universidad, correspondiendo al Consejo de Universidades designar a los miembros externos.","La autonomía universitaria permite a cada universidad determinar libremente los requisitos de acceso a los cuerpos docentes, aunque la selección final corresponda a las comisiones reguladas por la Ley Orgánica 2/2023.","1","El artículo 71.1 de la Ley Orgánica 2/2023 establece que las universidades, de acuerdo con su normativa interna, convocarán concursos para el acceso a plazas de los cuerpos docentes universitarios, pero dichos concursos deben respetar las condiciones establecidas legalmente. Entre ellas, el artículo 71.1.b) dispone que las comisiones de selección estarán integradas por una mayoría de miembros externos a la universidad convocante, elegidos por sorteo público entre el profesorado y personal investigador de igual o superior categoría a la plaza convocada. Asimismo, el acceso a los cuerpos docentes universitarios exige previamente la acreditación prevista en el artículo 69. https://www.boe.es/buscar/act.php?id=BOE-A-2023-7500#a69 https://www.boe.es/buscar/act.php?id=BOE-A-2023-7500#a71"
"¿Qué finalidad cumplen, en los concursos de acceso a los cuerpos docentes universitarios, las garantías de publicidad y de igualdad de oportunidades de las personas aspirantes?","Favorecer un procedimiento transparente y abierto que permita la concurrencia en condiciones de igualdad, respetando los principios de mérito y capacidad","Permitir que la universidad seleccione libremente entre las personas candidatas que considere más adecuadas, sin quedar vinculada por criterios previamente establecidos","Limitar la participación a las personas que acrediten experiencia previa en la universidad convocante, garantizando así una selección especializada","Sustituir la valoración de los méritos y competencias por un sistema de acceso basado exclusivamente en la publicidad de la convocatoria","1","El artículo 34.1 del Real Decreto 678/2023 exige garantizar en todo momento la igualdad de oportunidades de las personas aspirantes y el respeto a los principios de mérito y capacidad. Además, el artículo 34.3 obliga a las universidades a hacer públicos la composición de las comisiones, sus currículos y los criterios para la adjudicación de las plazas. Estas garantías favorecen la transparencia, la igualdad de oportunidades y la objetividad del proceso. La publicidad no permite a la universidad seleccionar discrecionalmente ni sustituye la valoración de los méritos y competencias."
"¿Qué característica comparten los dos cuerpos docentes universitarios regulados en el artículo 67 de la LOSU?","Ambos integran el personal funcionario docente e investigador de las universidades públicas.","Ambos tienen naturaleza exclusivamente laboral.","Ambos se cubren mediante contratación temporal.","Ambos están reservados al personal investigador sin funciones docentes.",1,"La LOSU mantiene ambos cuerpos como los únicos cuerpos funcionariales docentes universitarios."
"¿Qué finalidad persigue la LOSU al mantener un sistema de acceso basado en acreditación previa y concurso público?","Compatibilizar una evaluación homogénea de los méritos con la autonomía universitaria para proveer sus plazas.","Permitir que cada universidad establezca criterios completamente diferentes de acceso.","Reducir el peso del mérito frente a la experiencia profesional.","Eliminar la intervención de órganos evaluadores externos.",1,"El modelo combina una acreditación común con concursos públicos convocados por cada universidad, garantizando objetividad y autonomía institucional."
"¿Qué capacidad reconoce expresamente la LOSU al profesorado perteneciente a los cuerpos docentes universitarios?","Plena capacidad docente e investigadora.","Capacidad docente plena y capacidad investigadora limitada a proyectos financiados públicamente.","Capacidad exclusivamente docente, salvo autorización expresa del Rector.","Capacidad investigadora únicamente cuando ocupen cargos académicos.",1,"El artículo 68.1 establece expresamente que el profesorado perteneciente a los cuerpos docentes universitarios tendrá plena capacidad docente e investigadora. :contentReference[oaicite:1]{index=1}"
"Además de la LOSU, ¿por qué normativa se rige el profesorado funcionario de los cuerpos docentes universitarios?","Por la legislación general de función pública que resulte de aplicación y por los Estatutos de cada universidad.","Exclusivamente por los Estatutos de la universidad.","Únicamente por la legislación universitaria autonómica.","Por la legislación laboral común.",1,"El artículo 68 dispone que el profesorado funcionario se rige por la LOSU, por la legislación general de función pública y por los Estatutos universitarios. :contentReference[oaicite:2]{index=2}"
"¿Qué finalidad persigue la LOSU al reconocer plena capacidad docente e investigadora a los cuerpos docentes universitarios?","Garantizar que puedan desarrollar de forma completa las funciones esenciales de la universidad.","Permitir que asuman exclusivamente tareas de dirección universitaria.","Reservarles todas las funciones de gestión administrativa.","Excluir al profesorado laboral de la actividad investigadora.",1,"La plena capacidad docente e investigadora permite el ejercicio íntegro de las funciones universitarias propias de estos cuerpos. :contentReference[oaicite:3]{index=3}"
"¿Cuál de las siguientes figuras NO pertenece a los cuerpos docentes universitarios regulados en el artículo 68 de la LOSU?","Profesoras y Profesores Permanentes Laborales.","Profesoras y Profesores Titulares de Universidad.","Catedráticas y Catedráticos de Universidad.","Ninguna de las anteriores.",1,"Los Profesores Permanentes Laborales forman parte del profesorado laboral, no de los cuerpos docentes funcionarios. :contentReference[oaicite:4]{index=4}"
"¿Qué principio refleja la existencia de únicamente dos cuerpos docentes universitarios en la LOSU?","La simplificación y racionalización de la estructura funcionarial del profesorado universitario.","La eliminación progresiva del profesorado funcionario.","La sustitución del sistema funcionarial por contratación laboral.","La libre creación de nuevos cuerpos docentes por cada universidad.",1,"La LOSU mantiene únicamente dos cuerpos docentes universitarios, simplificando la estructura funcionarial respecto de modelos históricos. :contentReference[oaicite:5]{index=5}"
"Según el artículo 67 de la Ley Orgánica 2/2023, ¿qué obligación corresponde a las universidades en materia de formación de su personal docente e investigador?","Garantizar la formación docente inicial y continuada y establecer planes de formación inicial y de formación a lo largo de la vida que aseguren su mejora profesional en el marco de la planificación estratégica y de las prioridades de la universidad.","Garantizar exclusivamente la formación inicial del profesorado de nuevo ingreso mediante planes aprobados por las Comunidades Autónomas.","Establecer planes de formación permanente únicamente para el profesorado con vinculación permanente.","Garantizar la formación docente exclusivamente en los ámbitos de investigación y transferencia del conocimiento.","1","El artículo 67 obliga a las universidades a garantizar la formación docente inicial y continuada y a establecer planes de formación inicial y de formación a lo largo de la vida que mejoren profesionalmente al personal docente e investigador, en los distintos ámbitos de especialización y conforme a la planificación estratégica y prioridades de cada universidad."
"¿Cuál de las siguientes afirmaciones reproduce correctamente el contenido del artículo 67 de la Ley Orgánica 2/2023 sobre la formación del profesorado universitario?","Las universidades garantizarán la formación docente inicial y continuada de su profesorado y establecerán planes de formación inicial y de formación a lo largo de la vida que garanticen la mejora profesional del personal docente e investigador en los distintos ámbitos de especialización, de acuerdo con su planificación estratégica y prioridades en materia de formación.","Las universidades garantizarán únicamente la formación inicial del profesorado de nuevo ingreso, correspondiendo la formación permanente a las Comunidades Autónomas.","Las universidades establecerán planes de formación exclusivamente para el personal docente con dedicación a tiempo completo, orientados a la actividad investigadora.","Las universidades podrán establecer voluntariamente planes de formación permanente cuando así lo prevean sus Estatutos.","1","El artículo 67 configura un deber de las universidades: garantizar la formación docente inicial y continuada y establecer planes de formación inicial y de formación a lo largo de la vida para la mejora profesional del personal docente e investigador, en el marco de la planificación estratégica y de las prioridades de la universidad."
"¿En qué marco deben establecer las universidades sus planes de formación del profesorado conforme al artículo 67 de la LOSU?","En el marco de su planificación estratégica y de sus prioridades en materia de formación.","En el marco fijado exclusivamente por el Ministerio de Universidades.","En el marco aprobado por el Consejo de Universidades cada cuatro años.","En el marco de los planes estatales de investigación.",1,"La LOSU vincula los planes de formación a la planificación estratégica y prioridades de cada universidad. :contentReference[oaicite:7]{index=7}"
"¿Qué caracteriza a las plazas vinculadas reguladas en el artículo 70 de la LOSU?","Constituyen un único puesto de trabajo que integra funciones universitarias y asistenciales o de salud pública.","Son plazas temporales de duración máxima de tres años.","Solo pueden ser ocupadas por profesorado asociado.","Se financian exclusivamente con cargo al presupuesto sanitario.",1,"El artículo 70 establece que la plaza vinculada se considera, a todos los efectos, un único puesto de trabajo. :contentReference[oaicite:8]{index=8}"
"Además de la LOSU, ¿qué normativa resulta aplicable al personal de los cuerpos docentes universitarios que ocupa plazas vinculadas a instituciones sanitarias?","La legislación sanitaria y las normas que dicte el Gobierno mediante real decreto.","Únicamente los Estatutos de la universidad correspondiente.","Exclusivamente la normativa de función pública.","La legislación laboral común.",1,"El artículo 70 remite también a la Ley General de Sanidad y a la normativa reglamentaria que dicte el Gobierno para estas plazas. :contentReference[oaicite:9]{index=9}"
"¿Qué relación existe entre los artículos 67 y 68 de la LOSU?","El artículo 67 regula la formación permanente del profesorado y el artículo 68 identifica los cuerpos docentes universitarios sobre los que se proyecta ese modelo de desarrollo profesional.","Ambos regulan exclusivamente el acceso a los cuerpos docentes.","El artículo 68 sustituye las obligaciones formativas previstas en el artículo 67.","No existe relación entre ambos preceptos.",1,"La formación inicial y continuada prevista en el artículo 67 constituye un elemento transversal del desarrollo profesional del profesorado, cuyos cuerpos se regulan a continuación en el artículo 68. :contentReference[oaicite:10]{index=10}"
"Según el artículo 77 de la LOSU, ¿qué modalidades de contratación puede utilizar una universidad pública para contratar personal docente e investigador laboral?","Las modalidades específicas del ámbito universitario reguladas en la LOSU.","Cualquier modalidad prevista en el Estatuto de los Trabajadores, sin limitación.","Únicamente contratos indefinidos.","Exclusivamente contratos temporales vinculados a proyectos de investigación.",1,"El artículo 77.1 establece que las universidades públicas podrán contratar personal docente e investigador en régimen laboral mediante las modalidades específicas reguladas en la propia LOSU. :contentReference[oaicite:1]{index=1}"
"Además de las modalidades específicas de la LOSU, ¿qué otro tipo de personal pueden contratar las universidades públicas conforme al artículo 77.1?","Personal investigador en las modalidades previstas en la Ley 14/2011, de la Ciencia.","Personal funcionario de otras Administraciones mediante contratación laboral.","Personal investigador únicamente mediante contratos de sustitución.","Exclusivamente personal investigador extranjero.",1,"La LOSU remite expresamente a las modalidades contractuales previstas en la Ley 14/2011 para el personal investigador. ⭐⭐⭐"
"Conforme al artículo 77.1 de la Ley Orgánica 2/2023, ¿qué modalidades de contratación puede utilizar la universidad pública para contratar personal investigador en los términos previstos por la Ley 14/2011, de 1 de junio?","Contrato predoctoral, contrato de acceso de personal investigador doctor, contrato de investigador/a distinguido/a y contrato de actividades científico-técnicas.","Contrato predoctoral, contrato de acceso de personal investigador doctor, contrato de profesor/a visitante y contrato de actividades científico-técnicas.","Contrato de acceso de personal investigador doctor, contrato de investigador/a distinguido/a, contrato de profesor/a asociado/a y contrato de actividades científico-técnicas.","Contrato predoctoral, contrato de profesor/a ayudante doctor/a, contrato de investigador/a distinguido/a y contrato de actividades científico-técnicas.","1","El artículo 77.1 de la Ley Orgánica 2/2023 establece que las universidades públicas podrán contratar, con financiación interna de la universidad o con financiación externa, personal investigador en las modalidades de contrato predoctoral, contrato de acceso de personal investigador doctor, contrato de investigador/a distinguido/a y contrato de actividades científico-técnicas, en los términos previstos por la Ley 14/2011, de 1 de junio. Las modalidades de Profesor/a Visitante, Profesor/a Asociado/a y Profesor/a Ayudante Doctor/a son modalidades de personal docente e investigador laboral reguladas por la propia LOSU, pero no forman parte de esta enumeración del artículo 77.1. https://www.boe.es/buscar/act.php?id=BOE-A-2023-7500#a77"
"¿Qué norma resulta de aplicación supletoria al régimen jurídico del personal docente e investigador laboral, según el artículo 77.2 de la LOSU?","El texto refundido de la Ley del Estatuto de los Trabajadores.","La Ley 39/2015, del Procedimiento Administrativo Común.","La Ley General Presupuestaria.","La Ley de Contratos del Sector Público.",1,"La LOSU establece que, supletoriamente, será de aplicación el Estatuto de los Trabajadores, además de los convenios colectivos y, en su caso, el TREBEP. :contentReference[oaicite:3]{index=3}"
"¿A quién corresponde la regulación de las materias expresamente remitidas por la LOSU en relación con el personal docente e investigador laboral?","A las Comunidades Autónomas, en el ámbito de sus competencias.","Al Consejo de Universidades.","Al Ministerio competente en materia de universidades.","A cada universidad mediante sus Estatutos.",1,"El artículo 77.3 atribuye esta competencia a las Comunidades Autónomas. :contentReference[oaicite:4]{index=4}"
"⭐⭐⭐ Con carácter general, ¿a qué principios debe ajustarse el régimen de dedicación del personal docente e investigador laboral?","A los principios previstos en el artículo 75, salvo la excepción aplicable al profesorado asociado.","A la jornada máxima prevista en el Estatuto de los Trabajadores.","A los Estatutos de cada universidad exclusivamente.","A los convenios colectivos de cada universidad, sin más límites.",1,"El artículo 77.4 de la LOSU establece que el régimen de dedicación del personal docente e investigador laboral se ajustará, en todo caso, a los principios previstos en el artículo 75, salvo lo dispuesto en el artículo 79 respecto de la dedicación del Profesorado Asociado."
"👑 ¿Cuál de las siguientes afirmaciones refleja correctamente la relación entre los artículos 75, 77.4 y 79 de la Ley Orgánica 2/2023 respecto del régimen de dedicación?","El personal docente e investigador laboral se ajusta a los principios de dedicación del artículo 75, salvo las particularidades previstas en el artículo 79 para el Profesorado Asociado.","El personal docente e investigador laboral se rige exclusivamente por el artículo 75, sin excepciones para ninguna modalidad contractual.","El Profesorado Asociado se rige íntegramente por el artículo 75, mientras que las restantes modalidades laborales quedan sometidas exclusivamente a los convenios colectivos.","El artículo 77.4 establece que todo el personal docente e investigador laboral debe prestar servicios a tiempo completo, salvo que el artículo 75 autorice expresamente la dedicación parcial.","1","El artículo 77.4 establece como regla general que el régimen de dedicación del personal docente e investigador laboral se ajustará a los principios previstos en el artículo 75, pero exceptúa expresamente lo dispuesto en el artículo 79 respecto de la dedicación del Profesorado Asociado. El artículo 79 establece para este profesorado un contrato indefinido con dedicación a tiempo parcial, con las peculiaridades legalmente previstas."
"¿Qué derecho retributivo reconoce expresamente el artículo 77.5 al personal docente e investigador laboral?","Negociar sus condiciones retributivas con la universidad mediante convenios y acuerdos aplicables.","Fijar individualmente su salario con el Rector.","Percibir automáticamente los mismos complementos que el personal funcionario.","Determinar libremente sus retribuciones mediante acuerdo con el departamento.",1,"La LOSU reconoce el derecho a negociar las condiciones retributivas y a participar en convocatorias de retribuciones adicionales por méritos. :contentReference[oaicite:6]{index=6}"
"Además de negociar sus condiciones retributivas, ¿en qué convocatorias puede participar el personal docente e investigador laboral según el artículo 77.5?","En las convocatorias autonómicas para fijar retribuciones adicionales ligadas a méritos docentes, investigadores, de transferencia, innovación o gestión.","Únicamente en convocatorias de investigación europeas.","Solo en convocatorias internas de la universidad.","Exclusivamente en convocatorias de sexenios estatales.",1,"El artículo 77.5 reconoce expresamente esta posibilidad al profesorado laboral. :contentReference[oaicite:7]{index=7}"
"⭐⭐⭐ ¿Cuál es la finalidad principal de la figura del profesorado asociado regulada en el artículo 79 de la LOSU?","Aportar a la universidad la experiencia profesional de especialistas que desarrollan su actividad principal fuera del ámbito académico universitario.","Cubrir necesidades permanentes de investigación de la universidad.","Sustituir temporalmente al profesorado con reserva de puesto.","Desarrollar funciones estructurales de gestión universitaria.",1,"La finalidad del profesorado asociado es incorporar experiencia profesional externa a la docencia universitaria."
"Conforme al artículo 79 de la Ley Orgánica 2/2023, ¿qué finalidad caracteriza específicamente la contratación de Profesoras y Profesores Asociados?","Aportar a la universidad los conocimientos y la experiencia profesionales de especialistas y profesionales cuya actividad principal se desarrolla fuera del ámbito académico universitario, en materias en las que dicha experiencia resulte relevante.","Desarrollar las capacidades docentes y de investigación de personas doctoras durante una etapa temporal de la carrera académica orientada a su futura acreditación para una plaza permanente.","Cubrir temporalmente las necesidades docentes derivadas de la ausencia o reducción de actividad de personal docente e investigador con derecho a reserva de puesto de trabajo.","Desarrollar de forma estable tareas docentes, de investigación y de transferencia e intercambio del conocimiento por personas doctoras con la acreditación correspondiente.","1","El artículo 79.a) permite contratar como Profesoras y Profesores Asociados a especialistas y profesionales de reconocida competencia que ejerzan su actividad principal fuera del ámbito académico universitario cuando existan necesidades docentes específicas relacionadas con su ámbito profesional. El artículo 79.b) establece que la finalidad del contrato es desarrollar tareas docentes mediante las que aporten sus conocimientos y experiencia profesionales a la universidad, en materias en las que dicha experiencia resulte relevante. Las opciones 2, 3 y 4 describen respectivamente finalidades propias del Profesorado Ayudante Doctor, del Profesorado Sustituto y del Profesorado Permanente Laboral."
"Según el artículo 79 de la LOSU, ¿cuál es la dedicación docente máxima del profesorado asociado?","Hasta un máximo de 120 horas lectivas por curso académico.","Hasta 240 horas lectivas por curso académico.","Hasta 180 horas lectivas por curso académico.","No existe límite máximo de horas lectivas.",1,"El artículo 79 fija un máximo de 120 horas lectivas por curso académico para el profesorado asociado. :contentReference[oaicite:9]{index=9}"
"¿Qué limitación establece el artículo 80 respecto del profesorado sustituto?","Su contrato no puede extenderse, con carácter general, a actividades de investigación ni al desempeño de funciones estructurales de gestión y coordinación.","Solo puede impartir docencia práctica.","No puede participar en concursos públicos.","Debe desarrollar exclusivamente actividades investigadoras.",1,"El profesorado sustituto desarrolla la actividad docente de la persona sustituida, pero no puede asumir actividades investigadoras o funciones estructurales de gestión, salvo que estén directamente relacionadas con la actividad docente. :contentReference[oaicite:10]{index=10}"
"Según el artículo 78 de la LOSU, ¿qué requisito académico se exige para ser contratado como Profesor o Profesora Ayudante Doctor/a?","Estar en posesión del título de Doctora o Doctor, sin necesidad de acreditación.","Poseer la acreditación para Profesor Titular de Universidad.","Haber ejercido durante al menos tres años como Profesor Asociado.","Disponer de un sexenio de investigación reconocido.",1,"El artículo 78.a) establece que podrán ser contratadas las personas que ostenten el título de Doctora o Doctor, sin necesidad de acreditación. :contentReference[oaicite:1]{index=1}"
"⭐⭐⭐ ¿Cuál es la duración máxima general del contrato de Profesor o Profesora Ayudante Doctor/a prevista en la LOSU?","Seis años, en la misma o en distinta universidad.","Cinco años prorrogables por otros cinco.","Ocho años sin excepción.","Cuatro años improrrogables.",1,"El artículo 78.a) de la Ley Orgánica 2/2023 establece que ninguna persona podrá ser contratada como Profesora o Profesor Ayudante Doctor, en la misma o distinta universidad, por un tiempo superior a seis años. No obstante, cuando el contrato se concierte con una persona con discapacidad, podrá alcanzar una duración máxima de ocho años en los términos previstos en el propio artículo 78."
"👑 Conforme al artículo 78 de la Ley Orgánica 2/2023, ¿cuál de las siguientes afirmaciones sobre la duración del contrato de Profesor o Profesora Ayudante Doctor/a es correcta?","Ninguna persona puede ser contratada mediante esta modalidad por más de seis años, computando el tiempo contratado en la misma o distinta universidad, salvo que el contrato se concierte con una persona con discapacidad, en cuyo caso podrá alcanzar una duración máxima de ocho años.","La duración máxima es de seis años en cada universidad, pudiendo alcanzar ocho años si la persona ha sido contratada sucesivamente por distintas universidades.","La duración máxima general es de ocho años, aunque se reduce a seis cuando el contrato se concierte con una persona con discapacidad.","La duración máxima es de seis años, pero puede prorrogarse por otros dos años exclusivamente cuando la universidad considere positiva la evaluación realizada al finalizar los tres primeros años.","1","El artículo 78.a) establece que ninguna persona podrá ser contratada mediante esta modalidad, en la misma o distinta universidad, por un tiempo superior a seis años. El propio artículo prevé que, cuando el contrato se concierte con una persona con discapacidad, pueda alcanzar una duración máxima de ocho años, teniendo en cuenta su finalidad y el grado de las limitaciones en la actividad."
"Conforme al artículo 78 de la Ley Orgánica 2/2023, ¿cuál de las siguientes afirmaciones sobre la contratación de Profesoras y Profesores Ayudantes Doctores es correcta?","Las universidades pueden contratar bajo esta modalidad a personas que ostenten el título de Doctora o Doctor sin necesidad de acreditación.","La contratación exige en todo caso una acreditación previa de la ANECA o de una agencia autonómica de calidad.","La contratación tiene carácter fijo e indefinido y una dedicación ordinaria a tiempo completo.","La contratación puede mantenerse indefinidamente mientras la universidad considere satisfactoria la evaluación del desempeño.","1","El artículo 78.a) de la LOSU permite contratar como Profesoras y Profesores Ayudantes Doctores a personas que ostenten el título de Doctora o Doctor sin necesidad de acreditación. El contrato es temporal, a tiempo completo y no puede superar seis años, sin perjuicio de las reglas de interrupción y ampliación previstas en el propio artículo."
"Conforme al artículo 50.a) de la antigua Ley Orgánica 6/2001, de 21 de diciembre, de Universidades, ¿qué circunstancia constituía un mérito preferente para la contratación de Profesoras y Profesores Ayudantes Doctores?","La estancia de la candidata o candidato en universidades o centros de investigación de reconocido prestigio, españoles o extranjeros, distintos de la universidad contratante.","La acreditación de cinco años de experiencia docente en la universidad contratante, con independencia de la actividad investigadora desarrollada.","La experiencia profesional desarrollada fuera del ámbito universitario durante un período mínimo de tres años.","La obtención de una evaluación positiva de la actividad docente por parte del Consejo de Universidades, sin necesidad de experiencia investigadora externa.","1","El artículo 50.a) de la antigua Ley Orgánica 6/2001 establecía que la estancia del candidato en universidades o centros de investigación de reconocido prestigio, españoles o extranjeros, distintos de la universidad que realizaba la contratación, constituía mérito preferente. Esta regulación fue sustituida por la Ley Orgánica 2/2023, cuyo artículo 78 ya no contiene este mérito preferente."
"¿Cuál es la finalidad principal del contrato de Profesor o Profesora Ayudante Doctor/a según la LOSU?","Desarrollar capacidades docentes, investigadoras y, en su caso, de transferencia e intercambio del conocimiento.","Cubrir necesidades docentes temporales derivadas de bajas o permisos.","Aportar experiencia profesional externa a la universidad.","Desempeñar exclusivamente funciones investigadoras.",1,"La figura del Profesor Ayudante Doctor tiene una finalidad formativa y de desarrollo integral de la carrera académica. :contentReference[oaicite:4]{index=4}"
"¿Qué régimen de dedicación corresponde, con carácter general, al Profesorado Ayudante Doctor?","Dedicación a tiempo completo.","Dedicación obligatoriamente a tiempo parcial.","Dedicación flexible decidida por cada departamento.","Dedicación limitada exclusivamente a la investigación.",1,"El artículo 78 establece que el contrato del Profesor Ayudante Doctor será a tiempo completo. :contentReference[oaicite:5]{index=5}"
"¿Qué característica distingue al Profesorado Asociado respecto del Profesorado Ayudante Doctor?","El Profesorado Asociado debe desarrollar su actividad profesional principal fuera del ámbito académico universitario.","El Profesorado Asociado debe estar acreditado por ANECA.","El Profesorado Asociado tiene dedicación obligatoria a tiempo completo.","El Profesorado Asociado solo puede realizar actividades investigadoras.",1,"La actividad profesional externa constituye uno de los elementos definitorios del Profesorado Asociado. :contentReference[oaicite:6]{index=6}"
"¿Qué naturaleza tiene el contrato del Profesorado Asociado conforme a la LOSU?","Contrato de carácter indefinido y a tiempo parcial.","Contrato temporal de cuatro años prorrogable.","Contrato indefinido a tiempo completo.","Contrato temporal vinculado exclusivamente a proyectos de investigación.",1,"La LOSU modifica el régimen anterior y configura el contrato del Profesorado Asociado como indefinido y a tiempo parcial. :contentReference[oaicite:7]{index=7}"
"⭐⭐⭐ ¿Cuál de las siguientes circunstancias constituye causa objetiva de extinción del contrato del Profesorado Asociado?","La pérdida sobrevenida de los requisitos exigidos para su contratación.","La obtención de un sexenio de investigación.","La finalización de cada curso académico.","La superación de cinco años de antigüedad.",1,"El artículo 79.d) contempla como causa objetiva la pérdida sobrevenida de los requisitos exigidos para ser Profesor Asociado."
"Conforme al artículo 79 de la Ley Orgánica 2/2023, ¿cuál de las siguientes circunstancias puede determinar objetivamente la extinción del contrato de una Profesora o Profesor Asociado?","La pérdida sobrevenida de la condición de ejercer su actividad principal fuera del ámbito académico universitario, cuando esta constituía uno de los requisitos exigidos para su contratación.","La finalización del curso académico, aunque la persona contratada continúe ejerciendo su actividad principal y mantenga todos los requisitos exigidos para la contratación.","La superación de tres años desde la formalización del contrato, al tratarse de una modalidad de contratación necesariamente temporal y a tiempo parcial.","La obtención de una acreditación para una figura de profesorado permanente, que extingue automáticamente el contrato de Profesor Asociado.","1","El artículo 79.a) exige para la contratación del Profesorado Asociado que la persona especialista o profesional de reconocida competencia acredite ejercer su actividad principal fuera del ámbito académico universitario, entre otros requisitos. Conforme al artículo 79.d), la pérdida sobrevenida de cualquiera de los requisitos establecidos en dicho párrafo constituye causa objetiva de extinción del contrato. El contrato del Profesorado Asociado es, por regla general, de carácter indefinido y a tiempo parcial, por lo que ni la finalización de cada curso ni el transcurso de tres años constituyen por sí mismos causas de extinción."
"Según el artículo 80 de la LOSU, ¿cómo debe realizarse la selección del Profesorado Sustituto?","Mediante los procedimientos de concurso público aplicables, pudiendo utilizarse bolsas de empleo.","Mediante libre designación del Rector.","Mediante contratación directa del departamento.","Mediante comisión de servicios.",1,"El artículo 80.1.a) exige concurso público y permite la utilización de bolsas de empleo. :contentReference[oaicite:9]{index=9}"
"¿Qué diferencia esencial existe entre el Profesorado Asociado y el Profesorado Sustituto conforme a la LOSU?","El Profesorado Asociado aporta experiencia profesional externa para necesidades docentes específicas, mientras que el Profesorado Sustituto cubre temporalmente la ausencia de personal con derecho a reserva del puesto.","Ambos tienen exactamente la misma finalidad y régimen jurídico.","El Profesorado Sustituto desarrolla exclusivamente actividades investigadoras.","El Profesorado Asociado sustituye temporalmente a profesores titulares.",1,"Son dos figuras con finalidades completamente distintas: una incorpora profesionales externos y la otra cubre temporalmente necesidades derivadas de sustituciones. :contentReference[oaicite:10]{index=10}"
"Según el artículo 71 de la LOSU, ¿qué consideración deben tener la experiencia docente y la experiencia investigadora en los concursos de acceso a plazas de los cuerpos docentes universitarios?","Una consideración análoga en el conjunto de los criterios de valoración de los méritos.","La experiencia investigadora debe prevalecer siempre sobre la docente.","La experiencia docente constituye el único mérito obligatorio.","La universidad puede decidir libremente cuál de las dos tiene mayor peso sin limitación legal.",1,"El artículo 71.1.a) establece expresamente que la experiencia docente y la investigadora, incluida la transferencia e intercambio del conocimiento, tendrán una consideración análoga en la valoración de méritos. :contentReference[oaicite:0]{index=0}"
"¿Qué otro mérito debe valorarse expresamente junto con la experiencia docente e investigadora en los concursos de acceso previstos en el artículo 71 de la LOSU?","La experiencia en transferencia e intercambio del conocimiento.","La antigüedad en la universidad convocante.","La experiencia exclusivamente internacional.","El desempeño previo de cargos académicos.",1,"La LOSU incluye expresamente la transferencia e intercambio del conocimiento como parte de la experiencia investigadora a valorar. :contentReference[oaicite:1]{index=1}"
"Según el artículo 71.2 de la LOSU, ¿qué procedimiento debe utilizarse en los programas de promoción interna para acceder a una categoría superior?","El concurso de méritos.","La oposición libre.","El concurso-oposición.","La libre designación.",1,"La LOSU establece que el procedimiento de acceso en los programas de promoción interna será, en todo caso, el concurso de méritos. :contentReference[oaicite:2]{index=2}"
"¿Qué requisito temporal debe cumplir, como mínimo, el profesorado que quiera participar en un programa de promoción interna conforme al artículo 71.2 de la LOSU?","Haber prestado dos años de servicios efectivos en el puesto de origen.","Haber prestado cinco años de servicios efectivos.","Haber ocupado previamente un cargo académico.","Haber obtenido dos evaluaciones positivas consecutivas.",1,"El artículo 71.2 exige un mínimo de dos años de servicios efectivos en el puesto de origen, además de la acreditación correspondiente. :contentReference[oaicite:3]{index=3}"
"¿Qué límite establece el artículo 71.2 de la Ley Orgánica 2/2023 para las plazas de los programas de promoción interna de las universidades?","No podrán superar el número máximo de plazas que sean objeto de la Oferta de Empleo Público de turno libre, en ese mismo año, para el acceso a los cuerpos docentes del artículo 68 y de Profesorado Permanente Laboral.","No podrán superar el número de plazas de la Oferta de Empleo Público de turno libre correspondiente al ejercicio anterior para el acceso a los cuerpos docentes universitarios y al Profesorado Permanente Laboral.","No podrán superar la mitad de las plazas incluidas en la Oferta de Empleo Público de turno libre del mismo año para el acceso a los cuerpos docentes del artículo 68 y al Profesorado Permanente Laboral.","No podrán superar el número máximo de plazas de la Oferta de Empleo Público del mismo año, tanto de turno libre como de promoción interna, correspondientes a los cuerpos docentes universitarios y al Profesorado Permanente Laboral.","1","El artículo 71.2 de la Ley Orgánica 2/2023 establece que las plazas de los programas de promoción interna no podrán superar el número máximo de plazas que sean objeto de la Oferta de Empleo Público de turno libre, en ese mismo año, para el acceso a los cuerpos docentes del artículo 68 y de Profesorado Permanente Laboral. Por tanto, el límite se determina tomando como referencia las plazas de turno libre del mismo año, no las del ejercicio anterior ni un porcentaje fijo de la oferta. https://www.boe.es/buscar/act.php?id=BOE-A-2023-7500#a71"
"¿Qué finalidad persiguen los concursos de movilidad regulados en el artículo 72 de la LOSU?","Facilitar la movilidad voluntaria del profesorado entre universidades en las condiciones legalmente previstas.","Permitir la reasignación obligatoria del profesorado entre universidades públicas.","Sustituir los concursos de acceso ordinarios.","Cubrir exclusivamente necesidades docentes temporales.",1,"El artículo 72 regula un mecanismo específico para favorecer la movilidad del profesorado entre universidades. :contentReference[oaicite:5]{index=5}"
"Según el artículo 75 de la LOSU, ¿qué instrumento refleja anualmente las actividades académicas encomendadas al profesorado funcionario?","El plan de dedicación individual anual.","El plan estratégico de la universidad.","La memoria anual del departamento.","El contrato-programa del centro.",1,"El artículo 75.3 dispone que los planes de dedicación individual anuales reflejarán las actividades académicas encomendadas al profesorado. :contentReference[oaicite:6]{index=6}"
"¿Qué principio deben respetar los planes de dedicación individual anuales conforme al artículo 75.3 de la LOSU?","El desarrollo profesional y la igualdad de oportunidades y de resultados del profesorado.","La prioridad absoluta de la actividad investigadora sobre la docente.","La distribución uniforme de la carga docente entre todas las áreas de conocimiento.","La dedicación exclusiva a una única función universitaria.",1,"La LOSU exige expresamente que estos planes respeten el desarrollo profesional y la igualdad de oportunidades y de resultados. :contentReference[oaicite:7]{index=7}"
"¿A quién corresponde determinar el régimen retributivo del personal docente e investigador perteneciente a los cuerpos de funcionarios, según el artículo 76 de la LOSU?","Al Gobierno.","A las Comunidades Autónomas.","Al Consejo de Universidades.","A cada universidad mediante sus Estatutos.",1,"El artículo 76.1 atribuye al Gobierno la determinación del régimen retributivo del personal docente e investigador funcionario. :contentReference[oaicite:8]{index=8}"
"¿Qué relación existe entre los artículos 71 y 76 de la LOSU?","El primero regula el acceso y promoción del profesorado funcionario, mientras que el segundo establece el marco general de sus retribuciones.","Ambos regulan exclusivamente los concursos de movilidad.","El artículo 76 sustituye el régimen de acceso previsto en el artículo 71.","No existe relación sistemática entre ambos artículos.",1,"La estructura del capítulo diferencia claramente entre el régimen de acceso y promoción del profesorado funcionario y su régimen retributivo. :contentReference[oaicite:9]{index=9}"
"¿Qué principio debe presidir, con carácter general, los procedimientos de selección del personal docente e investigador regulados por la LOSU?","La igualdad, el mérito, la capacidad, la publicidad y la concurrencia.","La libre designación por el Rector.","La antigüedad como criterio preferente.","La valoración exclusiva de la experiencia investigadora.",1,"Los procedimientos de selección del PDI deben respetar los principios constitucionales de igualdad, mérito, capacidad, publicidad y concurrencia, garantizando la objetividad del proceso."
"¿Qué finalidad persigue la LOSU al exigir publicidad en los procedimientos de selección del profesorado universitario?","Garantizar la transparencia del proceso y la igualdad de oportunidades entre las personas aspirantes.","Reducir el número de personas candidatas.","Facilitar la contratación directa por parte de los departamentos.","Limitar la participación a personas de la propia universidad.",1,"La publicidad constituye una garantía esencial de transparencia y concurrencia en el acceso al empleo público universitario."
"¿Cuál es la principal función de las comisiones de selección previstas en la LOSU?","Valorar objetivamente los méritos de las personas candidatas conforme a los criterios establecidos en la convocatoria.","Designar discrecionalmente a la persona candidata propuesta por el departamento.","Resolver reclamaciones administrativas contra las universidades.","Determinar las necesidades de personal docente de la universidad.",1,"Las comisiones de selección son órganos técnicos encargados de valorar objetivamente los méritos de las personas aspirantes."
"¿Qué pretende evitar la LOSU mediante una composición objetiva e imparcial de las comisiones de selección?","La existencia de sesgos o arbitrariedad en la evaluación de las candidaturas.","La participación de especialistas externos.","La movilidad del profesorado entre universidades.","La valoración de los méritos docentes.",1,"La configuración de las comisiones busca reforzar la imparcialidad y la objetividad de los procedimientos selectivos."
"¿Qué relación existe entre la acreditación nacional y las comisiones de selección universitarias?","La acreditación acredita el cumplimiento de unos requisitos generales, mientras que las comisiones valoran a las personas candidatas para una plaza concreta.","Las comisiones sustituyen la acreditación nacional.","La acreditación equivale automáticamente a obtener la plaza convocada.","Ambos procedimientos tienen exactamente la misma finalidad.",1,"La acreditación habilita para concurrir al proceso, pero la selección corresponde a la comisión del concurso."
"¿Qué principio justifica que las convocatorias de plazas determinen previamente los criterios de valoración?","Garantizar la objetividad, la seguridad jurídica y la igualdad entre las personas participantes.","Permitir que la comisión modifique libremente dichos criterios durante el proceso.","Reducir la autonomía universitaria.","Limitar el número de candidaturas presentadas.",1,"La determinación previa de los criterios evita arbitrariedades y garantiza la transparencia del procedimiento."
"¿Qué diferencia fundamental existe entre la acreditación y el concurso de acceso a los cuerpos docentes universitarios conforme a la Ley Orgánica 2/2023?","La acreditación, previa al concurso, valora los méritos y competencias de las personas aspirantes y garantiza la calidad en la selección del profesorado funcionario en el conjunto del país, mientras que el concurso corresponde a las universidades y determina la persona seleccionada para una plaza concreta.","La acreditación determina directamente qué persona obtiene la plaza, mientras que el concurso se limita a comprobar que la persona acreditada reúne los requisitos generales de acceso al cuerpo docente universitario.","La acreditación y el concurso son procedimientos alternativos: la universidad puede optar por realizar un concurso cuando la persona aspirante no haya obtenido previamente la acreditación exigida para el acceso al cuerpo docente universitario.","La acreditación valora exclusivamente los méritos investigadores con efectos generales para todo el sistema universitario, mientras que el concurso se limita a valorar los méritos docentes de las personas previamente acreditadas.","1","El artículo 69.1 de la Ley Orgánica 2/2023 establece que el acceso a los cuerpos docentes universitarios exige, además del título de Doctor o Doctora, la previa obtención de una acreditación por la ANECA que valore los méritos y competencias de las personas aspirantes y garantice la calidad en la selección del profesorado funcionario en el conjunto del país. Posteriormente, las universidades convocan los concursos de acceso a plazas concretas conforme al artículo 71. La acreditación es, por tanto, un requisito para concurrir al concurso, pero su obtención no garantiza la obtención de una plaza. https://www.boe.es/buscar/act.php?id=BOE-A-2023-7500#a69 https://www.boe.es/buscar/act.php?id=BOE-A-2023-7500#a71"
"¿Qué elemento diferencia un procedimiento selectivo basado en mérito y capacidad de uno basado exclusivamente en la antigüedad?","La valoración integral de los méritos acreditados por las personas candidatas conforme a criterios previamente establecidos.","La prioridad automática para quien lleve más años trabajando en la universidad.","La inexistencia de publicidad de la convocatoria.","La posibilidad de realizar nombramientos discrecionales.",1,"El principio de mérito y capacidad exige valorar el conjunto de méritos objetivos y no únicamente la antigüedad."
"¿Qué relación existe entre la autonomía universitaria y la regulación legal de los procedimientos de selección del profesorado?","La universidad organiza sus procesos selectivos dentro del marco y de las garantías establecidas por la LOSU.","La autonomía permite prescindir de cualquier procedimiento público.","Cada universidad puede establecer libremente criterios distintos de mérito y capacidad.","La autonomía excluye la intervención de comisiones de selección.",1,"La autonomía universitaria se ejerce respetando las garantías legales comunes previstas en la LOSU."
"Conforme al artículo 71.1.b) de la Ley Orgánica 2/2023, ¿cómo deben configurarse las comisiones de selección de los concursos para el acceso a plazas de los cuerpos docentes universitarios?","Estarán integradas por una mayoría de miembros externos a la universidad convocante, elegidos por sorteo público entre el conjunto del profesorado y personal investigador de igual o superior categoría a la plaza convocada.","Estarán integradas por una mayoría de miembros externos a la universidad convocante, designados por el Consejo de Universidades entre profesorado y personal investigador de igual o superior categoría.","Estarán integradas por una mayoría de miembros de la universidad convocante, elegidos mediante sorteo público entre el profesorado y personal investigador de igual o superior categoría.","Estarán integradas por miembros externos e internos en igual proporción, elegidos por sorteo público entre profesorado y personal investigador de cualquier categoría.","1","El artículo 71.1.b) establece que las comisiones de selección estarán integradas por una mayoría de miembros externos a la universidad convocante, elegidos por sorteo público entre el conjunto del profesorado y personal investigador de igual o superior categoría a la plaza convocada. https://www.boe.es/buscar/act.php?id=BOE-A-2023-7500#a71"
"¿Qué principios debe garantizar el procedimiento de acreditación para el acceso a los cuerpos docentes universitarios, conforme al artículo 69.2.a) de la Ley Orgánica 2/2023?","Los principios de igualdad, mérito y capacidad, así como los de publicidad, transparencia e imparcialidad de los miembros de los órganos de acreditación.","Los principios de igualdad, mérito y capacidad, así como los de publicidad, concurrencia competitiva y objetividad de las resoluciones de las universidades.","Los principios de mérito y capacidad, junto con la publicidad y transparencia del procedimiento, correspondiendo a cada universidad garantizar la imparcialidad de sus órganos de selección.","Los principios de igualdad, capacidad y antigüedad, junto con la publicidad, transparencia y objetividad de los órganos encargados de la acreditación.","1","El artículo 69.2.a) de la Ley Orgánica 2/2023 establece que el procedimiento de acreditación garantizará los principios de igualdad, mérito y capacidad, así como los de publicidad, transparencia e imparcialidad de los miembros de los órganos de acreditación. https://www.boe.es/buscar/act.php?id=BOE-A-2023-7500#a69"
"¿Qué finalidad persigue la LOSU al exigir que las personas integrantes de las comisiones de selección posean una cualificación acorde con la plaza convocada?","Garantizar que la valoración de los méritos se realice por personas con competencia científica y académica suficiente.","Favorecer la representación equilibrada de todos los departamentos.","Asegurar que todas las personas integrantes pertenezcan a la universidad convocante.","Permitir que las comisiones puedan modificar los criterios de valoración durante el procedimiento.",1,"La LOSU pretende asegurar una evaluación objetiva realizada por personas con la cualificación adecuada para valorar los méritos de las candidaturas."
"¿Qué principio debe respetar la actuación de las comisiones de selección durante todo el procedimiento?","La imparcialidad y la objetividad en la valoración de las personas aspirantes.","La prioridad de la antigüedad sobre cualquier otro mérito.","La libre apreciación sin necesidad de motivación.","La preferencia por el personal de la propia universidad.",1,"La actuación de las comisiones constituye una garantía del respeto a los principios de mérito y capacidad."
"¿Qué relación existe entre la publicidad de la convocatoria y la concurrencia competitiva en los procedimientos de selección del profesorado?","La publicidad hace posible la concurrencia de todas las personas que reúnan los requisitos exigidos.","La concurrencia solo resulta exigible en las plazas de profesorado funcionario.","La publicidad únicamente afecta a la resolución final del concurso.","Son principios independientes sin relación entre sí.",1,"La publicidad es un presupuesto necesario para garantizar una concurrencia efectiva y la igualdad de oportunidades."
"¿Qué finalidad persigue la LOSU al establecer procedimientos reglados para la selección del profesorado universitario?","Reducir la discrecionalidad administrativa y reforzar las garantías de igualdad, mérito y capacidad.","Permitir que cada universidad seleccione libremente a su profesorado.","Limitar la autonomía universitaria en materia de personal.","Sustituir los concursos por procedimientos internos.",1,"La regulación procedimental busca garantizar la objetividad y transparencia en el acceso al PDI."
"¿Qué finalidad se desprende del límite establecido por el artículo 64.3 de la Ley Orgánica 2/2023 para el profesorado con contrato laboral temporal?","Limitar la temporalidad estructural del personal docente e investigador y favorecer una composición de las plantillas con mayor estabilidad.","Limitar la contratación temporal exclusivamente a las figuras de Profesorado Ayudante Doctor y Profesorado Asociado, impidiendo las restantes modalidades temporales.","Garantizar que la mayoría del personal docente e investigador de las universidades públicas tenga necesariamente una relación laboral indefinida.","Establecer que toda contratación temporal de personal docente e investigador deba responder exclusivamente a necesidades de sustitución transitoria.","1","El límite del 8 por ciento establecido en el artículo 64.3 restringe el peso de la contratación laboral temporal en las plantillas de PDI. No elimina las modalidades temporales ni limita la temporalidad exclusivamente a sustituciones, puesto que la LOSU contempla diversas modalidades de contratación laboral temporal."
"Conforme al artículo 64.3 de la Ley Orgánica 2/2023, ¿qué límite establece la LOSU respecto del profesorado con contrato laboral temporal en las universidades públicas?","No podrá superar el 8 por ciento en efectivos de la plantilla de personal docente e investigador, sin computar a estos efectos al profesorado asociado de Ciencias de la Salud ni al profesorado ayudante doctor.","No podrá superar el 8 por ciento en equivalencias a tiempo completo de la plantilla de personal docente e investigador, computándose en todo caso al profesorado ayudante doctor.","No podrá superar el 10 por ciento en efectivos de la plantilla de personal docente e investigador, sin computar al profesorado asociado de Ciencias de la Salud.","No podrá superar el 8 por ciento en efectivos del personal docente e investigador funcionario, computándose únicamente el profesorado laboral temporal que tenga responsabilidades docentes.","1","El artículo 64.3 establece que el profesorado con contrato laboral temporal no podrá superar el 8 por ciento en efectivos de la plantilla de personal docente e investigador. A estos efectos no se computan el profesorado asociado de Ciencias de la Salud ni el profesorado ayudante doctor. El mismo apartado establece además que el profesorado funcionario será mayoritario, computado en equivalencias a tiempo completo, sobre el total de PDI."
"¿Qué principio conecta la regulación de la temporalidad con la carrera académica diseñada por la LOSU?","La estabilidad en el empleo constituye un elemento esencial para desarrollar una carrera académica previsible y de calidad.","La carrera académica exige la renovación periódica de todos los contratos.","La estabilidad únicamente resulta aplicable al profesorado funcionario.","La temporalidad favorece la promoción académica.",1,"La reducción de la temporalidad se integra en el modelo de carrera académica estable promovido por la LOSU."
"¿Qué finalidad persigue la LOSU al distinguir entre figuras permanentes y figuras temporales de profesorado?","Adaptar cada modalidad contractual a necesidades universitarias diferentes sin desvirtuar la estabilidad estructural del sistema.","Permitir que todas las necesidades docentes se cubran mediante contratos temporales.","Reservar la investigación exclusivamente a las figuras permanentes.","Eliminar progresivamente las figuras temporales existentes.",1,"La coexistencia de distintas figuras responde a finalidades diferentes dentro del sistema universitario."
"¿Qué característica comparten tanto el acceso a los cuerpos docentes universitarios como la contratación del profesorado laboral?","Ambos procedimientos deben respetar los principios de publicidad, igualdad, mérito y capacidad.","Ambos se realizan mediante libre designación.","Ambos requieren necesariamente acreditación estatal previa.","Ambos se limitan al personal funcionario.",1,"Aunque los regímenes jurídicos son distintos, los principios que inspiran la selección del profesorado son comunes."
"¿Cuál es la principal finalidad del modelo de personal docente e investigador diseñado por la LOSU?","Compatibilizar la autonomía universitaria con un sistema de selección objetivo, una carrera académica estable y una adecuada diversidad de figuras docentes.","Sustituir completamente el profesorado funcionario por profesorado laboral.","Centralizar toda la gestión del profesorado en la Administración General del Estado.","Reducir la movilidad entre universidades.",1,"El Capítulo IV configura un sistema integral que combina autonomía universitaria, estabilidad, mérito y diversidad de figuras de profesorado."
"⭐⭐⭐ ¿Qué límite establece el artículo 64.3 de la Ley Orgánica 2/2023 respecto del profesorado con contrato laboral temporal de las universidades públicas?","No podrá superar el 8 por ciento en efectivos de la plantilla de personal docente e investigador, sin computar el profesorado asociado de Ciencias de la Salud y el profesorado ayudante doctor.","No podrá superar el 8 por ciento en equivalencias a tiempo completo, computándose en todo caso el profesorado asociado de Ciencias de la Salud y el profesorado ayudante doctor.","No podrá superar el 10 por ciento en efectivos de la plantilla de personal docente e investigador, sin computar únicamente el profesorado ayudante doctor.","No podrá superar el 8 por ciento en efectivos de la plantilla de profesorado laboral, computándose exclusivamente el profesorado funcionario a efectos del límite.","1","El artículo 64.3 de la Ley Orgánica 2/2023 establece que el profesorado con contrato laboral temporal no podrá superar el 8 por ciento en efectivos de la plantilla de personal docente e investigador. A estos efectos, no se computan el profesorado asociado de Ciencias de la Salud ni el profesorado ayudante doctor."
"👑 Conforme al artículo 64.3 de la Ley Orgánica 2/2023, ¿cuál de las siguientes afirmaciones combina correctamente las reglas relativas a la composición del personal docente e investigador de las universidades públicas?","El profesorado funcionario será mayoritario sobre el total de PDI, computado en equivalencias a tiempo completo, y el profesorado con contrato laboral temporal no podrá superar el 8 por ciento en efectivos, con las exclusiones previstas legalmente.","El profesorado laboral será mayoritario sobre el total de PDI, computado en efectivos, y el profesorado con contrato laboral temporal no podrá superar el 8 por ciento, computándose en todo caso el profesorado ayudante doctor.","El profesorado funcionario deberá representar al menos el 8 por ciento del PDI en efectivos y el profesorado laboral temporal será mayoritario cuando la universidad tenga acreditación institucional.","El profesorado funcionario será mayoritario únicamente entre el personal laboral y el profesorado con contrato temporal no podrá superar el 10 por ciento en equivalencias a tiempo completo.","1","El artículo 64.3 establece que el profesorado funcionario será mayoritario, computado en equivalencias a tiempo completo, sobre el total de personal docente e investigador de la universidad. Asimismo, dispone que el profesorado con contrato laboral temporal no podrá superar el 8 por ciento en efectivos de la plantilla de PDI, con exclusión del profesorado asociado de Ciencias de la Salud y del profesorado ayudante doctor."
"¿Qué característica define a la figura del Profesorado Permanente Laboral regulada por la LOSU?","Constituye una modalidad de profesorado laboral de carácter permanente.","Es una modalidad exclusivamente temporal.","Solo puede desempeñar funciones investigadoras.","Está reservada al profesorado visitante.",1,"El artículo 82 configura al Profesorado Permanente Laboral como una figura estable dentro del personal docente e investigador laboral."
"Conforme al artículo 82 de la Ley Orgánica 2/2023, ¿cuál es la finalidad del contrato de Profesoras y Profesores Permanentes Laborales?","Desarrollar tareas docentes, de investigación, de transferencia e intercambio del conocimiento y, en su caso, de desempeño de funciones de gobierno de la universidad.","Desarrollar capacidades docentes y de investigación orientadas a que la persona contratada pueda obtener la acreditación necesaria para concursar a una plaza de profesorado permanente.","Desarrollar tareas docentes mediante las que especialistas y profesionales aporten sus conocimientos y experiencia profesionales a la universidad en materias en las que dicha experiencia resulte relevante.","Desarrollar tareas docentes e investigadoras, así como, en su caso, de transferencia e intercambio del conocimiento e innovación, en la especialidad en la que la persona contratada haya destacado.","1","El artículo 82.b) de la Ley Orgánica 2/2023 establece que la finalidad del contrato de Profesoras y Profesores Permanentes Laborales será desarrollar tareas docentes, de investigación, de transferencia e intercambio del conocimiento y, en su caso, de desempeño de funciones de gobierno de la universidad. Las opciones 2, 3 y 4 corresponden respectivamente a las finalidades previstas para el Profesorado Ayudante Doctor (art. 78), el Profesorado Asociado (art. 79) y el Profesorado Visitante (art. 83)."
"¿Cuál de las siguientes afirmaciones diferencia correctamente al Profesorado Permanente Laboral del Profesorado Ayudante Doctor conforme a la Ley Orgánica 2/2023?","El Profesorado Permanente Laboral se contrata con carácter fijo e indefinido y requiere el título de Doctor y la acreditación correspondiente, mientras que el Profesorado Ayudante Doctor tiene un contrato temporal y puede ser contratado sin acreditación previa.","El Profesorado Permanente Laboral se contrata con carácter temporal y requiere únicamente el título de Doctor, mientras que el Profesorado Ayudante Doctor tiene un contrato fijo e indefinido y requiere acreditación previa.","Ambas figuras tienen contratos de carácter fijo e indefinido, pero el Profesorado Permanente Laboral requiere acreditación mientras que el Profesorado Ayudante Doctor no la requiere.","El Profesorado Permanente Laboral y el Profesorado Ayudante Doctor tienen ambos contratos temporales de seis años, diferenciándose únicamente en que el primero requiere acreditación previa.","1","Los artículos 78 y 82 de la Ley Orgánica 2/2023 establecen diferencias esenciales entre ambas figuras. El Profesorado Ayudante Doctor puede ser contratado sin acreditación previa y su contrato es temporal, con una duración de seis años. El Profesorado Permanente Laboral requiere el título de Doctor y la acreditación correspondiente y su contrato es fijo e indefinido. https://www.boe.es/buscar/act.php?id=BOE-A-2023-7500#a78 https://www.boe.es/buscar/act.php?id=BOE-A-2023-7500#a82"
"¿Qué finalidad principal tiene la figura del Profesorado Visitante regulada en la LOSU?","Incorporar temporalmente profesorado o personal investigador de reconocido prestigio procedente de otras universidades o centros de investigación.","Cubrir ausencias temporales del profesorado.","Favorecer la promoción interna.","Desarrollar tareas exclusivamente administrativas.",1,"El Profesorado Visitante pretende favorecer el intercambio científico y académico."
"¿Qué característica diferencia al Profesorado Visitante del Profesorado Asociado?","El Visitante se incorpora por su prestigio académico, mientras que el Asociado aporta principalmente experiencia profesional externa.","Ambos requieren desarrollar una actividad profesional principal fuera de la universidad.","El Asociado pertenece a un cuerpo docente universitario.","El Visitante tiene siempre carácter indefinido.",1,"Las dos figuras responden a finalidades claramente distintas."
"¿Cuál es la finalidad de la figura del Profesorado Distinguido prevista en la LOSU?","Favorecer la incorporación de personal docente o investigador de reconocido prestigio nacional o internacional.","Sustituir temporalmente al profesorado con reserva de puesto.","Desarrollar exclusivamente docencia práctica.","Cubrir necesidades coyunturales de los departamentos.",1,"El Profesorado Distinguido está orientado a atraer talento altamente cualificado."
"¿Qué rasgo caracteriza al Profesorado Emérito conforme a la LOSU?","Permite mantener la colaboración académica de profesorado jubilado de reconocido prestigio.","Constituye una modalidad ordinaria de acceso a la carrera académica.","Tiene carácter exclusivamente investigador.","Forma parte de los cuerpos docentes universitarios.",1,"La figura del Profesorado Emérito permite aprovechar la experiencia académica tras la jubilación."
"¿Qué finalidad cumple el reconocimiento del Profesorado Emérito en el sistema universitario?","Conservar el conocimiento y la experiencia acumulada por profesorado de especial relevancia.","Incrementar la temporalidad del profesorado.","Favorecer la promoción interna.","Sustituir las plazas de Profesor Permanente Laboral.",1,"La LOSU mantiene esta figura como mecanismo para conservar el capital académico de las universidades."
"¿Qué objetivo persigue el régimen específico del Profesorado de la Unión Europea regulado en el artículo 88?","Facilitar el acceso a las universidades españolas del profesorado procedente de otros Estados miembros conforme al Derecho de la Unión Europea.","Crear un nuevo cuerpo docente universitario.","Regular la movilidad exclusiva entre universidades españolas.","Establecer un régimen especial únicamente para investigadores predoctorales.",1,"El artículo 88 adapta el acceso del profesorado procedente de otros Estados miembros al marco jurídico europeo."
"⭐⭐⭐ ¿Qué diferencia jurídica distingue al Profesorado de la Unión Europea del Profesorado Visitante en la Ley Orgánica 2/2023?","El artículo 88 regula el reconocimiento de acreditaciones y la igualdad de tratamiento de determinados nacionales de Estados miembros de la Unión Europea, mientras que el artículo 83 regula una modalidad contractual temporal para docentes e investigadores de otras universidades y centros de investigación.","Ambas son modalidades contractuales temporales, pero el Profesorado de la Unión Europea tiene una duración máxima de dos años y el Profesorado Visitante puede ser contratado por tiempo indefinido.","El Profesorado de la Unión Europea constituye una categoría de profesorado funcionario, mientras que el Profesorado Visitante constituye una categoría de profesorado laboral permanente.","El Profesorado de la Unión Europea se limita a actividades investigadoras, mientras que el Profesorado Visitante únicamente puede desarrollar actividades docentes.","1","El artículo 88 regula específicamente el Profesorado de la Unión Europea mediante previsiones sobre el reconocimiento de acreditaciones, la igualdad de tratamiento de determinados nacionales de Estados miembros de la Unión Europea y la movilidad del profesorado en el Espacio Europeo de Educación Superior. En cambio, el artículo 83 regula la contratación de Profesoras y Profesores Visitantes, cuyo contrato puede tener una duración máxima de dos años, es improrrogable y no renovable, y puede implicar dedicación a tiempo parcial o completo."
"👑 ¿Cuál de las siguientes afirmaciones diferencia correctamente al Profesorado Visitante, al Profesorado Distinguido y al Profesorado de la Unión Europea conforme a la Ley Orgánica 2/2023?","El Profesorado Visitante puede contratarse entre docentes e investigadores de otras universidades y centros de investigación y su contrato tiene una duración máxima de dos años; el Profesorado Distinguido puede proceder de la carrera académica o investigadora desarrollada en el extranjero y destaca por una excelencia reconocida internacionalmente; y el Profesorado de la Unión Europea está sujeto a reglas específicas de reconocimiento de acreditaciones e igualdad de tratamiento.","El Profesorado Visitante debe proceder necesariamente del extranjero y puede ser contratado por tiempo indefinido; el Profesorado Distinguido procede exclusivamente de universidades españolas; y el Profesorado de la Unión Europea constituye una modalidad contractual temporal.","El Profesorado Visitante y el Profesorado Distinguido tienen ambos una duración máxima de dos años, mientras que el Profesorado de la Unión Europea constituye una categoría funcionarial equivalente a los cuerpos docentes universitarios.","El Profesorado Visitante se limita a funciones docentes, el Profesorado Distinguido exclusivamente a funciones investigadoras y el Profesorado de la Unión Europea únicamente puede concurrir a procedimientos de acreditación estatal.","1","El artículo 83 regula el Profesorado Visitante, que puede proceder de otras universidades y centros de investigación españoles o extranjeros y cuyo contrato tiene una duración máxima de dos años, improrrogable y no renovable. El artículo 84 regula el Profesorado Distinguido, dirigido a docentes e investigadores que desarrollen su carrera en el extranjero y cuya excelencia y contribución sean significativas y reconocidas internacionalmente. El artículo 88 establece reglas específicas para el Profesorado de la Unión Europea en materia de reconocimiento de acreditaciones, igualdad de tratamiento y movilidad."
"Conforme al artículo 88.2 de la Ley Orgánica 2/2023, ¿qué tratamiento reciben los nacionales de los Estados miembros de la Unión Europea en determinados procedimientos de acreditación, concursos y convocatorias de profesorado?","Gozarán de idéntico tratamiento y con los mismos efectos que los nacionales españoles, en los términos establecidos por la ley.","Recibirán un tratamiento equivalente al de los nacionales españoles únicamente en los concursos de acceso a los cuerpos docentes universitarios, pero no en los procedimientos de acreditación.","Tendrán preferencia sobre los nacionales españoles en los procedimientos de acreditación y concursos de acceso cuando acrediten experiencia docente en universidades europeas.","Solo podrán concurrir a convocatorias de profesorado laboral, quedando excluidos de los procedimientos de acceso a los cuerpos docentes universitarios.","1","El artículo 88.2 establece que, a efectos de concurrir a procedimientos de acreditación, concursos de acceso a los cuerpos docentes universitarios y convocatorias de contratos de profesorado previstas en la LOSU, los nacionales de los Estados miembros de la Unión Europea gozarán de idéntico tratamiento y con los mismos efectos que los nacionales españoles. La misma regla se aplica a los nacionales españoles que hayan cursado sus estudios en la Unión Europea."
"Según el artículo 61.1 de la Ley Orgánica 2/2023, ¿a partir de qué tipo de resultados pueden desarrollarse las entidades o empresas basadas en el conocimiento que las universidades pueden crear o en las que pueden participar?","De patentes o de resultados generados por la investigación financiados total o parcialmente con fondos públicos y realizados en universidades.","De cualquier resultado de investigación generado en universidades, con independencia de su financiación, siempre que exista una patente registrada.","Exclusivamente de patentes obtenidas mediante proyectos de investigación financiados íntegramente con fondos públicos.","De resultados generados por la investigación desarrollada en universidades o empresas privadas, siempre que hayan recibido financiación pública.","1","El artículo 61.1 establece que las universidades podrán crear o participar en entidades o empresas basadas en el conocimiento desarrolladas a partir de patentes o de resultados generados por la investigación financiados total o parcialmente con fondos públicos y realizados en universidades. Por tanto, deben concurrir tanto el origen universitario de la investigación como la financiación total o parcial con fondos públicos. https://www.boe.es/buscar/act.php?id=BOE-A-2023-7500#a61"
"Cuando una universidad tenga una participación mayoritaria en una entidad o empresa basada en el conocimiento, ¿qué régimen establece el artículo 61.2 de la Ley Orgánica 2/2023?","Quedará sometida a lo dispuesto en el capítulo en lo que le resulte de aplicación, en particular a las obligaciones de transparencia y rendición de cuentas en los mismos plazos y por el mismo procedimiento que las propias universidades.","Quedará sometida íntegramente al mismo régimen jurídico, presupuestario y organizativo que la universidad, sin excepción alguna.","Quedará sometida únicamente a las obligaciones de transparencia, quedando excluida de las obligaciones de rendición de cuentas por tratarse de una entidad diferenciada.","Quedará sometida al régimen de transparencia y rendición de cuentas de la universidad únicamente cuando su participación mayoritaria supere el setenta y cinco por ciento del capital.","1","El artículo 61.2 dispone que las entidades o empresas en cuyo capital tengan participación mayoritaria las universidades quedan sometidas a lo dispuesto en el capítulo en lo que les resulte de aplicación y, en particular, a la obligación de transparencia y de rendición de cuentas en los mismos plazos y por el mismo procedimiento que las propias universidades. https://www.boe.es/buscar/act.php?id=BOE-A-2023-7500#a61"
"¿Cuál de las siguientes personas puede solicitar, conforme al artículo 61.3 de la Ley Orgánica 2/2023, autorización para incorporarse mediante una excedencia temporal a una entidad o empresa basada en el conocimiento participada por la universidad?","El profesorado funcionario de los cuerpos docentes universitarios, el profesorado permanente laboral y el personal técnico, de gestión y de administración y servicios, funcionario o laboral con vinculación permanente, cuando fundamente su participación en las actividades de investigación previstas en el artículo 61.1.","Cualquier miembro del personal docente e investigador y del personal técnico, de gestión y de administración y servicios, con independencia de su vínculo funcionarial o laboral, siempre que participe en actividades de investigación universitarias.","Exclusivamente el profesorado funcionario de los cuerpos docentes universitarios y el profesorado permanente laboral que haya participado en la obtención de una patente universitaria.","El profesorado funcionario, el profesorado laboral temporal y el personal técnico, de gestión y de administración y servicios con independencia de su vinculación, siempre que la universidad posea una participación mayoritaria en la empresa.","1","El artículo 61.3 permite solicitar esta autorización al profesorado funcionario de los cuerpos docentes universitarios, a las Profesoras y Profesores Permanentes Laborales y al personal técnico, de gestión y de administración y servicios, funcionario o laboral con vinculación permanente, siempre que fundamenten su participación en las actividades de investigación a las que se refiere el apartado 1. https://www.boe.es/buscar/act.php?id=BOE-A-2023-7500#a61"
"⭐⭐⭐ ¿Quién regula las condiciones y el procedimiento para la concesión de la excedencia temporal prevista en el artículo 61.3 de la Ley Orgánica 2/2023 y cuál es su duración máxima?","El Gobierno, mediante real decreto y previo informe de la Conferencia General de Política Universitaria; la excedencia solo podrá concederse por un tiempo máximo de cinco años.","El Gobierno, mediante real decreto y previo informe del Consejo de Universidades; la excedencia podrá concederse por un tiempo máximo de seis años.","El Ministerio de Universidades, mediante orden ministerial y previo informe de la Conferencia General de Política Universitaria; la excedencia tendrá una duración máxima de cinco años.","El Gobierno, mediante real decreto y previo informe de la Conferencia General de Política Universitaria; la excedencia podrá concederse por un tiempo máximo de diez años.","1","El artículo 61.3 atribuye al Gobierno, mediante real decreto y previo informe de la Conferencia General de Política Universitaria, la regulación de las condiciones y el procedimiento para la concesión de la excedencia. Esta solo podrá concederse por un tiempo máximo de cinco años. https://www.boe.es/buscar/act.php?id=BOE-A-2023-7500#a61"
"Conforme al artículo 61.3 de la Ley Orgánica 2/2023, ¿qué combinación es correcta respecto de la excedencia temporal para incorporarse a una entidad o empresa basada en el conocimiento participada por la universidad?","Puede ser solicitada por el profesorado funcionario de los cuerpos docentes universitarios, el Profesorado Permanente Laboral y el personal técnico, de gestión y de administración y servicios funcionario o laboral con vinculación permanente; el Gobierno regulará sus condiciones mediante real decreto y la excedencia tendrá una duración máxima de cinco años.","Puede ser solicitada por cualquier miembro del personal universitario, incluidos los contratados temporales; el Ministerio de Universidades regulará sus condiciones mediante orden y la duración máxima será de cinco años.","Puede ser solicitada únicamente por el profesorado funcionario de los cuerpos docentes universitarios; el Gobierno regulará sus condiciones mediante real decreto y la duración máxima será de seis años.","Puede ser solicitada por el personal docente e investigador y el personal técnico, de gestión y de administración y servicios, pero la duración máxima será de diez años y su regulación corresponderá a las universidades.","1","El artículo 61.3 permite solicitar esta excedencia al profesorado funcionario de los cuerpos docentes universitarios, al Profesorado Permanente Laboral y al personal técnico, de gestión y de administración y servicios funcionario o laboral con vinculación permanente que fundamente su participación en las actividades de investigación previstas en el artículo. El Gobierno regulará sus condiciones mediante real decreto, previo informe de la Conferencia General de Política Universitaria, y la excedencia tendrá una duración máxima de cinco años."
"¿Quién regula las condiciones y el procedimiento para la concesión de la excedencia temporal prevista en el artículo 61.3 de la Ley Orgánica 2/2023 y cuál es su duración máxima?","El Gobierno, mediante real decreto y previo informe de la Conferencia General de Política Universitaria; la excedencia solo podrá concederse por un tiempo máximo de cinco años.","El Gobierno, mediante real decreto y previo informe del Consejo de Universidades; la excedencia podrá concederse por un tiempo máximo de seis años.","El Ministerio de Universidades, mediante orden ministerial y previo informe de la Conferencia General de Política Universitaria; la excedencia tendrá una duración máxima de cinco años.","El Gobierno, mediante real decreto y previo informe de la Conferencia General de Política Universitaria; la excedencia podrá concederse por un tiempo máximo de diez años.","1","El artículo 61.3 establece que el Gobierno, mediante real decreto y previo informe de la Conferencia General de Política Universitaria, regulará las condiciones y el procedimiento para la concesión de la excedencia temporal. Esta solo podrá concederse por un tiempo máximo de cinco años. Durante este período se mantiene la reserva del puesto de trabajo y el cómputo a efectos de antigüedad."
"Durante la excedencia temporal concedida conforme al artículo 61.3 de la Ley Orgánica 2/2023, ¿qué efectos reconoce expresamente la ley al personal en situación de excedencia?","Tendrá derecho a la reserva del puesto de trabajo y al cómputo del período a efectos de antigüedad.","Tendrá derecho únicamente a la reserva del puesto de trabajo, sin que el período compute a efectos de antigüedad.","Conservará todos los derechos retributivos y tendrá derecho a la reserva del puesto de trabajo y al cómputo del período a efectos de antigüedad.","Tendrá derecho al cómputo del período a efectos de antigüedad, pero no a la reserva del puesto de trabajo, salvo que así lo establezca la normativa universitaria.","1","El artículo 61.3 establece que durante el período de excedencia el personal tendrá derecho a la reserva del puesto de trabajo y a su cómputo a efectos de antigüedad. El precepto no reconoce expresamente el mantenimiento de las retribuciones durante la excedencia. https://www.boe.es/buscar/act.php?id=BOE-A-2023-7500#a61"